CompoundGroup,ParentCompound_name,CHEBI_key,INCHI_key,CAS_numer,Biomarker_name,Biomarker_abbreviation,Biomarker_varname,BWB = Blood-whole blood (µg/L),BP = Blood-plasma (µg/L),BS = Blood-serum (µg/L),RBC = Red blood cells (µg/L),VAMS = Volumetric absorptive microsample (µg/L),CBWB = Cord blood-whole blood (µg/L),CBP = Cord blood-plasma (µg/L),CBS = Cord blood-serum (µg/L),AF = Amniotic Fluid (µg/L),PLT = Placenta tissue (ng/g),US = Urine- random spot (µg/L),UD = Urine-24h (µg/L),UM = Urine-first morning urine (µg/L),STL = Stool (ng/g),BM = Breast milk (µg/L),SEM = Semen (µg/L),SA = Saliva (µg/L),SPT = Sputum (µg/L),H = Hair (ng/g),TN = Toe nail (ng/g),FN = Finger nail (ng/g),ADI = Adipose Tissue/Fat (µg/L),EBC = Exhaled breath condensate (µg/L),DW = Dermal wipes (µg/cm2),SW = Surface wipe (µg/cm2)
Pesticides,Diuron,CHEBI:83464,,2327-02-8,"(3,4-dichlorophenyl)urea",,dcpu,,,,,,,,,,,,,,,,,,,,,,,,,
Pesticides,"(NE)-N-[3-[(2-chloro-1,3-thiazol-5-yl)methyl]-5-methyl-1,3,5-oxadiazinan-4-ylidene]nitramide",,NWWZPOKUUAIXIW-DHZHZOJOSA-N,,"(NE)-N-[3-[(2-chloro-1,3-thiazol-5-yl)methyl]-5-methyl-1,3,5-oxadiazinan-4-ylidene]nitramide",Thiamethoxam,thiamethoxam,,,,,,,,,,,,,,,,,,,,,,,,,
Herbicides,(RS)-2-Chloro-N-(2-ethyl-6-methyl-phenyl)-N-(1-methoxypropan-2-yl)acetamide,,,,(RS)-2-Chloro-N-(2-ethyl-6-methyl-phenyl)-N-(1-methoxypropan-2-yl)acetamide,Dimetachlor,dimetachlor,,,,,,,,,,,,,,,,,,,,,,,,,
Pesticides,Diuron,CHEBI:83466,,3567-62-2,"1-(3,4-dichlorophenyl)-3-methylurea",,dcpmu,,,,,,,,,,,,,,,,,,,,,,,,,
Herbicides,,CHEBI:83468,,34123-57-4,1-(4-Isopropylphenyl)-3-methylurea,IPPMU,ippmu,,,,,,,,,,,,,,,,,,,,,,,,,
Polycyclic Aromatic Hydrocarbons (PAHs),Naphthalene,,NXPPAOGUKPJVDI-UHFFFAOYSA-N,,"1-,2-dihydroxynaphthalene","1,2-NAPH",diohnap,,,,,,,,,,,,,,,,,,,,,,,,,
Pesticides,"1-[(2-chloro-1,3-thiazol-5-yl)methyl]-3-methyl-2-nitroguanidine",,PGOOBECODWQEAB-UHFFFAOYSA-N,,"1-[(2-chloro-1,3-thiazol-5-yl)methyl]-3-methyl-2-nitroguanidine",Clothianidin,clothianidin,,,,,,,,,,,,,,,,,,,,,,,,,
Pesticides,"1-[2-(2,4-dichlorophenyl)-2-prop-2-enoxyethyl]imidazole",,PZBPKYOVPCNPJY-UHFFFAOYSA-N,,"1-[2-(2,4-dichlorophenyl)-2-prop-2-enoxyethyl]imidazole",Imazalil,enilconazole,,,,,,,,,,,,,,,,,,,,,,,,,
Flame retardants,Tris(2chloroisopropyl)phosphate,,AUUWEOBTRZWTTC-UHFFFAOYSA-N  ,,1-hydroxy-2propyl bis (1-chloro-2-propyl) phosphate,BCIPHIPP,bciphipp,,,,,,,,,,,,,,,,,,,,,,,,,
Polycyclic Aromatic Hydrocarbons (PAHs),Benz[a]anthracene,CHEBI:132369,,69847-26-3,1-hydroxybenz[a]anthracene,1-BaA,hbaa,,,,,,,,,,,,,,,,,,,,,,,,,
Polycyclic Aromatic Hydrocarbons (PAHs),Chrysene,CHEBI:132391,,63019-38-5,1-hydroxychrysene,1-CRY,onehcry,,,,,,,,,,,,,,,,,,,,,,,,,
Polycyclic Aromatic Hydrocarbons (PAHs),Naphthalene,CHEBI:10319,,90-15-3,1-hydroxynaphthalene,1-NAPH,oneohnap,,,,,,,,,,,,,,,,,,,,,,,,,
Polycyclic Aromatic Hydrocarbons (PAHs),Phenanthrene,CHEBI:27528,,2433-56-9,1-hydroxyphenanthrene,1-PHEN,onehphe,,,,,,,,,,,,,,,,,,,,,,,,,
Polycyclic Aromatic Hydrocarbons (PAHs),Pyrene,CHEBI:34093,,5315-79-7,1-hydroxypyrene,1-PYR,ohpyr,,,,,,,,,,,,,,,,,,,,,,,,,
Polycyclic Aromatic Hydrocarbons (PAHs),Naphthalene,CHEBI:50717,,90-12-0,1-methylnaphthalene,1-MN,mnap,,,,,,,,,,,,,,,,,,,,,,,,,
Polycyclic Aromatic Hydrocarbons (PAHs),Phenanthrene,CHEBI:35860,,832-69-9,1-methylphenanthrene,1-MP,mphe,,,,,,,,,,,,,,,,,,,,,,,,,
Phthalates,Di-2-ethylhexyl terephthalate,,QNPZVWKVIWGWLK-UHFFFAOYSA-N,,"1-mono-(2-carboxyl-methyl-hexyl) benzene-1,4-dicarboxylate",2cx-MMHTP,cxmmhtp,,,,,,,,,,,,,,,,,,,,,,,,,
Phthalates,Di-2-ethylhexyl terephthalate,,,,"1-mono-(2-ethyl-5-carboxyl-pentyl) benzene-1,4-dicarboxylate",5cx-MEPTP,cxmeptp,,,,,,,,,,,,,,,,,,,,,,,,,
Phthalates,Di-2-ethylhexyl terephthalate,,ODRKAFOVPBFSIN-UHFFFAOYSA-N,,"1-mono-(2-ethyl-5-hydroxy-hexyl) benzene-1,4-dicarboxylate",5OH-MEHTP,ohmehtp,,,,,,,,,,,,,,,,,,,,,,,,,
Phthalates,Di-2-ethylhexyl terephthalate,,,,"1-mono-(2-ethyl-5-oxo-hexyl) benzene-1,4-dicarboxylate",5oxo-MEHTP,oxomehtp,,,,,,,,,,,,,,,,,,,,,,,,,
Phthalates,Di-2-ethylhexyl terephthalate,,HRUJAEJKCNCOGW-UHFFFAOYSA-N,,1-mono-(2-ethylhexyl) terephthalate,MEHTP,mehtp,,,,,,,,,,,,,,,,,,,,,,,,,
Volatile anaesthetics,"1,1,1,3,3,3-Hexafluoro-2-(fluoromethoxy)propane",CHEBI:9130,,28523-86-6,"1,1,1,3,3,3-Hexafluoro-2-(fluoromethoxy)propane",Sevoflurane,sevoflurane,,,,,,,,,,,,,,,,,,,,,,,,,
Polycyclic Aromatic Hydrocarbons (PAHs),Phenanthrene,CHEBI:37475,,,"1,2-Dihydrophenanthrene-1,2-diol","1,2-DiPHEdiol",dihphediol,,,,,,,,,,,,,,,,,,,,,,,,,
Polycyclic Aromatic Hydrocarbons (PAHs),Phenanthrene,CHEBI:37452,,,"1,2-Dihydroxyphenanthrene","1,2-DHP",onetwohphe,,,,,,,,,,,,,,,,,,,,,,,,,
Flame retardants,"1,2 bis(2,4,6-tribromophenoxy)ethane",,YATIGPZCMOYEGE-UHFFFAOYSA-N,,"1,2 bis(2,4,6-tribromophenoxy)ethane",BTBPE,btbpe,,,,,,,,,,,,,,,,,,,,,,,,,
Flame retardants,Tetrabromoethylcyclohexane,,,,"1,2,2,2-tetrabromoethylcyclohexane","1,2,2,2-TBECH",tbmch,,,,,,,,,,,,,,,,,,,,,,,,,
Dioxins;Organochlorine compounds (OCs),,CHEBI:81505,,35822-46-9,"1,2,3,4,6,7,8-Heptachlorodibenzo-p-dioxin","1,2,3,4,6,7,8-HpCDD",hpcdd,,,,,,,,,,,,,,,,,,,,,,,,,
Furans,,CHEBI:81513,,67562-39-4,"1,2,3,4,6,7,8-Heptachlorodibenzofuran","1,2,3,4,6,7,8-HpCDF",pcdf131,,,,,,,,,,,,,,,,,,,,,,,,,
Dioxins;Organochlorine compounds (OCs),,CHEBI:81502,,39227-28-6,"1,2,3,4,7,8-Hexachlorodibenzo-p-dioxin","1,2,3,4,7,8-HxCDD",pcdd66,,,,,,,,,,,,,,,,,,,,,,,,,
Furans,,CHEBI:81509,,70648-26-9,"1,2,3,4,7,8-Hexatachlorodibenzofuran","1,2,3,4,7,8-HxCDF",pcdf118,,,,,,,,,,,,,,,,,,,,,,,,,
Furans,,CHEBI: 81514,,,"1,2,3,4,7,8,9-Heptachlorodibenzofuran","1,2,3,4,7,8,9-HpCDF",pcdf134,,,,,,,,,,,,,,,,,,,,,,,,,
Dioxins;Organochlorine compounds (OCs),,CHEBI:81503,,57653-85-7,"1,2,3,6,7,8-Hexachlorodibenzo-p-dioxin","1,2,3,6,7,8-HxCDD",pcdd67,,,,,,,,,,,,,,,,,,,,,,,,,
Furans,,CHEBI:81511,,57117-44-9,"1,2,3,6,7,8-Hexatachlorodibenzofuran","1,2,3,6,7,8-HxCDF",pcdf121,,,,,,,,,,,,,,,,,,,,,,,,,
Dioxins;Organochlorine compounds (OCs),,CHEBI:81501,,40321-76-4,"1,2,3,7,8-Pentachlorodibenzo-p-dioxin","1,2,3,7,8-PeCDD",pecdd,,,,,,,,,,,,,,,,,,,,,,,,,
Furans,,CHEBI:81507,,57117-41-6,"1,2,3,7,8-Pentachlorodibenzofuran","1,2,3,7,8-PeCDF",pcdf94,,,,,,,,,,,,,,,,,,,,,,,,,
Dioxins;Organochlorine compounds (OCs),,CHEBI:81504,,19408-74-3,"1,2,3,7,8,9-Hexachlorodibenzo-p-dioxin","1,2,3,7,8,9-HxCDD",pcdd70,,,,,,,,,,,,,,,,,,,,,,,,,
Furans,,CHEBI:81510,,72918-21-9,"1,2,3,7,8,9-Hexatachlorodibenzofuran","1,2,3,7,8,9-HxCDF",pcdf124,,,,,,,,,,,,,,,,,,,,,,,,,
Flame retardants,"1,2,5,6-tetrabromocyclooctane",,RZLXIANUDLLFHN-UHFFFAOYSA-N,,"1,2,5,6-tetrabromocyclooctane",TBCO,tbco,,,,,,,,,,,,,,,,,,,,,,,,,
Flame retardants,,,QJAHHFISACBARL-UHFFFAOYSA-N,,"1,3,5-Tribromo-2-(2,3-dibromopropyl)benzene",DPTE,dpte,,,,,,,,,,,,,,,,,,,,,,,,,
Phthalates,Tri-(2-ethylhexyl) trimellitate,,,,"1,4-di-(2-ethylhexyl) trimellitate","1,4-DEHTM",onefourdehtm,,,,,,,,,,,,,,,,,,,,,,,,,
Steroid/Sex hormones,,CHEBI:16469,,50-28-2,17beta-oestradiol,,estr,,,,,,,,,,,,,,,,,,,,,,,,,
Glycol ethers,2-(2-(2-methoxyethoxy)ethoxy)ethanol;2-(2-methoxyethoxy)ethanol,,CLLLODNOQBVIMS-UHFFFAOYSA-N,,2-(2-methoxyethoxy)acetic acid,MEAA,meaa,,,,,,,,,,,,,,,,,,,,,,,,,
Pesticides,"2-(4-amino-3,5-dichloro-6-fluoropyridin-2-yl)oxyacetic acid",,MEFQWPUMEMWTJP-UHFFFAOYSA-N,,"2-(4-amino-3,5-dichloro-6-fluoropyridin-2-yl)oxyacetic acid",Fluroxypyr,fluroxypyr,,,,,,,,,,,,,,,,,,,,,,,,,
Pesticides,2-(4-chloro-2-methylphenoxy)acetic acid,,WHKUVVPPKQRRBV-UHFFFAOYSA-N,,2-(4-chloro-2-methylphenoxy)acetic acid,MCPA,mcpa,,,,,,,,,,,,,,,,,,,,,,,,,
Polycyclic Aromatic Hydrocarbons (PAHs),Naphthalene,,,,"2-,6-dimethylnaphthalene","2-,6-DMN",dmnap,,,,,,,,,,,,,,,,,,,,,,,,,
Pesticides,2-[4-[3-chloro-5-(trifluoromethyl)pyridin-2-yl]oxyphenoxy]propanoic acid,,GOCUAJYOYBLQRH-UHFFFAOYSA-N,,2-[4-[3-chloro-5-(trifluoromethyl)pyridin-2-yl]oxyphenoxy]propanoic acid,Haloxyfop,haloxyfop,,,,,,,,,,,,,,,,,,,,,,,,,
Pesticides,2-[4-[5-(trifluoromethyl)pyridin-2-yl]oxyphenoxy]propanoic acid,,YUVKUEAFAVKILW-UHFFFAOYSA-N,,2-[4-[5-(trifluoromethyl)pyridin-2-yl]oxyphenoxy]propanoic acid,Fluazifop,fluazifop,,,,,,,,,,,,,,,,,,,,,,,,,
Per-/poly-fluorinated compounds (PFASs),,,YGKAWLSSJSOXNM-UHFFFAOYSA-N,715646-50-7,"2-[methyl(1,1,2,2,3,3,4,4,5,5,6,6,6-tridecafluorohexylsulfonyl)amino]acetic acid",MeFHxSAA,mefhxsaa,,,,,,,,,,,,,,,,,,,,,,,,,
Polycyclic Aromatic Hydrocarbons (PAHs),Anthracene,,,,2-Hydroxyanthracene,2-ANT,ohan,,,,,,,,,,,,,,,,,,,,,,,,,
Glycol ethers,2-(2-(2-butoxyethoxy)ethoxy)ethanol;2-(2-butoxyethoxy)ethanol;2-butoxyethanol,CHEBI:173542,,2516-93-0,2-butoxyacetic acid,BAA,baac,,,,,,,,,,,,,,,,,,,,,,,,,
Herbicides,"2-Chloro-N-(2,6-diethylphenyl)-N-(methoxymethyl)acetamide",CHEBI:2533,,15972-60-8,"2-Chloro-N-(2,6-diethylphenyl)-N-(methoxymethyl)acetamide",Alachlor,alchlor,,,,,,,,,,,,,,,,,,,,,,,,,
Pesticides,Pirimiphos-methyl,CHEBI:38844,,42487-72-9,2-Diethylamino-6-hydroxy-4-methylpyrimidine,DEAMPY,deampy,,,,,,,,,,,,,,,,,,,,,,,,,
Glycol ethers,"1,2-diethoxyethane;2-(2-(2-ethoxyethoxy)ethoxy)ethanol;2-(2-ethoxyethoxy)ethanol;2-ethoxyethanol;Bis(2-ethoxyethyl) ether",CHEBI:173365,,627-03-2,2-ethoxyacetic acid,EAA,eaa,,,,,,,,,,,,,,,,,,,,,,,,,
Flame retardants,2-ethylhexyl diphenyl phosphate,,PZMFWNXABLTZRN-UHFFFAOYSA-N,,2-ethyl-5-hydroxyhexyl diphenyl phosphate,5-HO-EHDPHP,ohehdphp,,,,,,,,,,,,,,,,,,,,,,,,,
Flame retardants,"2-ethylhexyl-2,3,4,5-tetrabromobenzoate",,HVDXCGSGEQKWGB-UHFFFAOYSA-N,,"2-ethylhexyl-2,3,4,5-tetrabromobenzoate",EH-TBB,ehtbb,,,,,,,,,,,,,,,,,,,,,,,,,
UV-filters (benzophenones),,CHEBI:135932,,21245-02-3,2-Ethylhexyl 4-(dimethylamino)benzoate,,dabi,,,,,,,,,,,,,,,,,,,,,,,,,
Flame retardants,2-ethylhexyl diphenyl phosphate,,UGIWGFXQNPWKPR-UHFFFAOYSA-M,,2-ethylhexyl phenyl phosphate,EHPHP,ehphp,,,,,,,,,,,,,,,,,,,,,,,,,
Aprotic solvents,N-ethyl-2-pyrrolidone,,CTDCWBUTXCPHAM-UHFFFAOYSA-N,,2-hydroxy-N-ethylsuccinimide,2-HESI,hesi,,,,,,,,,,,,,,,,,,,,,,,,,
Aprotic solvents,N-methyl-2-pyrrolidone,,NLKACWKSCREJEL-UHFFFAOYSA-N,,2-hydroxy-N-methylsuccinimide,2-HMSI,hmsi,,,,,,,,,,,,,,,,,,,,,,,,,
Herbicides,Atrazine,,NFMIMWNQWAWNDW-UHFFFAOYSA-N,,2-hydroxy atrazine,,ha2,,,,,,,,,,,,,,,,,,,,,,,,,
Herbicides,Simazine,CHEBI:83476,,2599-11-3,2-hydroxy simazine,,hs2,,,,,,,,,,,,,,,,,,,,,,,,,
Flame retardants,Tris(2-butoxyethyl) phosphate,,UQSRKBXTCXVEJL-UHFFFAOYSA-N,,2-hydroxyethyl bis(2-butoxyethyl) phosphate,BBOEHEP,bboehep,,,,,,,,,,,,,,,,,,,,,,,,,
Polycyclic Aromatic Hydrocarbons (PAHs),Fluorene,CHEBI:34289,,2443-58-5,2-hydroxyfluorene,2-FLUO,twohfluo,,,,,,,,,,,,,,,,,,,,,,,,,
Polycyclic Aromatic Hydrocarbons (PAHs),Naphthalene,CHEBI:10432,,135-19-3,2-hydroxynaphthalene,2-NAPH,twoohnap,,,,,,,,,,,,,,,,,,,,,,,,,
Polycyclic Aromatic Hydrocarbons (PAHs),Phenanthrene,CHEBI:19760,,,2-hydroxyphenanthrene,2-PHEN,twohphe,,,,,,,,,,,,,,,,,,,,,,,,,
Pesticides (carbamate),,CHEBI:38547,,4812-20-8,2-Isopropoxyphenol,IPP,ipp,,,,,,,,,,,,,,,,,,,,,,,,,
Glycol ethers,"1,2-bis(2-methoxyethoxy)ethane;1,2-dimethoxyethane;2-(2-(2-methoxyethoxy)ethoxy)ethanol;2-(2-methoxyethoxy)ethanol;2-methoxyethanol;Bis(2-methoxyethyl) ether",CHEBI:132098,,625-45-6,2-methoxyacetic acid,MAA,maa,,,,,,,,,,,,,,,,,,,,,,,,,
Polycyclic Aromatic Hydrocarbons (PAHs),Naphthalene,CHEBI:50720,,91-57-6,2-methylnaphthalene,2-MN,twomnap,,,,,,,,,,,,,,,,,,,,,,,,,
Phthalates,Di-isobutyl phthalate,,LTLINVWNJJAVGH-UHFFFAOYSA-M,,2-OH-Mono-iso-butylphthalate,OH-MiBP,ohmibp,,,,,,,,,,,,,,,,,,,,,,,,,
Glycol ethers,2-phenoxyethanol,CHEBI:8075,,122-59-8,2-phenoxyacetic acid,PhAA,phaa,,,,,,,,,,,,,,,,,,,,,,,,,
Glycol ethers,2-(propyloxy)ethanol,,SGUYGLMQEOSQTH-UHFFFAOYSA-N,,2-propoxyacetic acid,PAA,paa,,,,,,,,,,,,,,,,,,,,,,,,,
Flame retardants,,,IEWFKOVTVJNWFF-UHFFFAOYSA-N,,"2,2',3,3',4,4',5,6'-Octabromodiphenyl ether",BDE-196,bde196,,,,,,,,,,,,,,,,,,,,,,,,,
Flame retardants,,,AAFUUKPTSPVXJH-UHFFFAOYSA-N,,"2,2',3,3',4,4',6,6'-Octabromodiphenyl ether",BDE-197,bde197,,,,,,,,,,,,,,,,,,,,,,,,,
Flame retardants,,,RTUZOQFRIPIWPS-UHFFFAOYSA-N,,"2,2',3,4,4',5,5',6-Octabromodiphenyl ether",BDE-203,bde203,,,,,,,,,,,,,,,,,,,,,,,,,
Anilines and MOCA,"2,3-Dichloroaniline",CHEBI:46636,,608-27-5,"2,3-Dichloroaniline","2,3DChA",twothreedcha,,,,,,,,,,,,,,,,,,,,,,,,,
Pesticides,,,HSQFVBWFPBKHEB-UHFFFAOYSA-N,,"2,3,4-Trichlorophenol","2,3,4-TCP",tcp234,,,,,,,,,,,,,,,,,,,,,,,,,
UV-filters (benzophenones),Benzophenone,CHEBI:176813,,1143-72-2,"2,3,4 trihydroxybenzophenone",THB,thb,,,,,,,,,,,,,,,,,,,,,,,,,
Flame retardants,"2-ethylhexyl-2,3,4,5-tetrabromobenzoate",,,,"2,3,4,5-tetrabromo benzoic acid",TBBA,tbba,,,,,,,,,,,,,,,,,,,,,,,,,
Pesticides,,CHEBI:132359,,58-90-2,"2,3,4,6-Tetrachlorophenol","2,3,4,6-TeCP",tecp2346,,,,,,,,,,,,,,,,,,,,,,,,,
Furans,,CHEBI:81512,,60851-34-5,"2,3,4,6,7,8-Hexatachlorodibenzofuran","2,3,4,6,7,8-HxCDF",pcdf130,,,,,,,,,,,,,,,,,,,,,,,,,
Furans,,CHEBI:81508,,57117-31-4,"2,3,4,7,8-Pentachlorodibenzofuran","2,3,4,7,8-PeCDF",pcdf114,,,,,,,,,,,,,,,,,,,,,,,,,
Polycyclic Aromatic Hydrocarbons (PAHs),Naphthalene,CHEBI:89809,,,"2,3,5-trimethylnaphthalene","2,3,5-TMN",tmnap,,,,,,,,,,,,,,,,,,,,,,,,,
Flame retardants,"2,3,5,6-tetrabromo-p-xylene",,RXKOKVQKECXYOT-UHFFFAOYSA-N,,"2,3,5,6-tetrabromo-p-xylene",TBX,tbx,,,,,,,,,,,,,,,,,,,,,,,,,
Dioxins;Organochlorine compounds (OCs),,CHEBI:28119,,1746-01-6,"2,3,7,8-tetrachlorodibenzodioxin","2,3,7,8-TCDD",tcbd,,,,,,,,,,,,,,,,,,,,,,,,,
Furans,,CHEBI:81506,,51207-31-9,"2,3,7,8-Tetrachlorodibenzofuran","2,3,7,8-TCDF",pcdf83,,,,,,,,,,,,,,,,,,,,,,,,,
Phthalates,Tri-(2-ethylhexyl) trimellitate,,WXSCEQXIHBEPIQ-UHFFFAOYSA-N,,"2,4-di-(2-ethylhexyl) trimellitate","2,4-DEHTM",twofourdehtm,,,,,,,,,,,,,,,,,,,,,,,,,
Flame retardants,"2,4-Dibromophenol",CHEBI:34238,,615-58-7,"2,4-Dibromophenol","2,4-DBP",dbph,,,,,,,,,,,,,,,,,,,,,,,,,
Anilines and MOCA,"2,4-Dichloroaniline",CHEBI:46635,,,"2,4-Dichloroaniline","2,4DChA",twofourdcha,,,,,,,,,,,,,,,,,,,,,,,,,
Pesticides,"1,4-Dichlorobenzene",CHEBI:16738,,120-83-2,"2,4-dichlorophenol","2,4-DCP",dcp24,,,,,,,,,,,,,,,,,,,,,,,,,
Pesticides,,CHEBI:28854,,94-75-7,"2,4-dichlorophenoxyacetic acid",,dcpa,,,,,,,,,,,,,,,,,,,,,,,,,
UV-filters (benzophenones),Benzophenone 3,,,,"2,4-dihydroxylbenzophenone",DHB,dhb,,,,,,,,,,,,,,,,,,,,,,,,,
Diisocyanates;Anilines and MOCA,"2,4-toluenediamine;2,4-Toluenediisocyanate",CHEBI:34237,,95-80-7,"2,4-toluenediamine","2,4 TDA",fourtda,,,,,,,,,,,,,,,,,,,,,,,,,
Pesticides,"2,4,5-trichlorophenol;HCH;Hexachlorobenzene",CHEBI:28520,,95-95-4,"2,4,5-trichlorophenol","2,4,5-TCP",tcp245,,,,,,,,,,,,,,,,,,,,,,,,,
Pesticides,,CHEBI:27903,,93-76-5,"2,4,5-trichlorophenoxyacetic acid",,tcpa,,,,,,,,,,,,,,,,,,,,,,,,,
Flame retardants,"2,4,6-Tribromophenol",CHEBI:47696,,118-79-6,"2,4,6-Tribromophenol","2,4,6-TBP",tbph,,,,,,,,,,,,,,,,,,,,,,,,,
Pesticides,"2,4,6-trichlorophenol;HCH;Hexachlorobenzene",CHEBI:28755,,88-06-2,"2,4,6-trichlorophenol","2,4,6-TCP",tcp246,,,,,,,,,,,,,,,,,,,,,,,,,
Anilines and MOCA,"2,5-Dichloroaniline",CHEBI:34245,,95-82-9,"2,5-Dichloroaniline","2,5DChA",twofivedcha,,,,,,,,,,,,,,,,,,,,,,,,,
Pesticides,"1,4-Dichlorobenzene",CHEBI:27929,,583-78-8,"2,5-dichlorophenol","2,5-DCP",dcp,,,,,,,,,,,,,,,,,,,,,,,,,
Anilines and MOCA,"2,6-Dichloroaniline",CHEBI:46630,,608-31-1,"2,6-Dichloroaniline","2,6 DChA",twosixdcha,,,,,,,,,,,,,,,,,,,,,,,,,
Pesticides,"1,4-Dichlorobenzene",CHEBI:28457,,87-65-0,"2,6-dichlorophenol","2,6-DCP",dcp26,,,,,,,,,,,,,,,,,,,,,,,,,
Anilines and MOCA,"2,6-Diisopropylaniline",,WKBALTUBRZPIPZ-UHFFFAOYSA-N,,"2,6-Diisopropylaniline",DIPA,dipa,,,,,,,,,,,,,,,,,,,,,,,,,
Diisocyanates;Anilines and MOCA,"2,6-toluenediamine;2,6-Toluenediisocyanate",CHEBI:76288,,823-40-5,"2,6-toluenediamine","2,6 TDA",sixdtda,,,,,,,,,,,,,,,,,,,,,,,,,
Herbicides,"2-Chloro-N-(2,6-diethylphenyl)-N-(methoxymethyl)acetamide",,FOYHNROGBXVLLX-UHFFFAOYSA-N,,"2,6 diethyl aniline",,da26,,,,,,,,,,,,,,,,,,,,,,,,,
Per-/poly-fluorinated compounds (PFASs),,,AJMAYLFJZQYRHN-UHFFFAOYSA-N,70887-84-2,2H-Perfluoro-2-decenoic acid,8:2 FTUCA,ftuca,,,,,,,,,,,,,,,,,,,,,,,,,
Pesticides,Deltamethrin,,,,"3-(2,2-dibromovinyl)-2,2-dimethylcyclopropane carboxylic acid",DBCA,dbca,,,,,,,,,,,,,,,,,,,,,,,,,
Pesticides (pyrethroids),Cyfluthrin;Cypermethrin;Permethrin,,,,"3-(2,2-dichlorovinyl)-2,2-dimethylycyclopropane carboxylic acid",cis-DCCA,cdcca,,,,,,,,,,,,,,,,,,,,,,,,,
Herbicides,"3-(3-Chloro-4-methylphenyl)-1,1-dimethylurea",CHEBI:81981,,15545-48-9,"3-(3-Chloro-4-methylphenyl)-1,1-dimethylurea",Chlortoluron,chltr,,,,,,,,,,,,,,,,,,,,,,,,,
Herbicides,,CHEBI:116509,,330-54-1,"3-(3,4-dichlorophenyl)-1,1-dimethylurea",DCMU,diuron,,,,,,,,,,,,,,,,,,,,,,,,,
Herbicides,,CHEBI:6049,,34123-59-6,"3-(4-Isopropylphenyl)-1,1-dimethylurea",,isoproturon,,,,,,,,,,,,,,,,,,,,,,,,,
Pesticides,"3-[(6-chloropyridin-3-yl)methyl-(2,2-difluoroethyl)amino]-2H-furan-5-one",,QOIYTRGFOFZNKF-UHFFFAOYSA-N,,"3-[(6-chloropyridin-3-yl)methyl-(2,2-difluoroethyl)amino]-2H-furan-5-one",Flupyradifurone,flupyradifurone,,,,,,,,,,,,,,,,,,,,,,,,,
Mycotoxins,Deoxynivalenol,CHEBI:146195,,50722-38-8,3-Acetyldeoxynivalenol,3-ADON,tacetyldon,,,,,,,,,,,,,,,,,,,,,,,,,
Anilines and MOCA,3-Aminobiphenyl,,MUNOBADFTHUUFG-UHFFFAOYSA-N,,3-Aminobiphenyl,3ABPH,threeabph,,,,,,,,,,,,,,,,,,,,,,,,,
UV-filters (benzophenones),,,OIQXFRANQVWXJF-ACCUITESSA-N,,3-benzylidene camphor,,threebc,,,,,,,,,,,,,,,,,,,,,,,,,
Phthalates,Di-n-butyl phthalate,,IYTPMLIWBZMBSL-UHFFFAOYSA-N,,3-carboxyl-mono-propyl phthalate,3cx-MPP,cxmpp,,,,,,,,,,,,,,,,,,,,,,,,,
Polycyclic Aromatic Hydrocarbons (PAHs),Benz[a]anthracene,,MRRWKFVZIOCJBS-UHFFFAOYSA-N,,3-hydroxybenz[a]anthracene,3-BaA,hbaa3,,,,,,,,,,,,,,,,,,,,,,,,,
Polycyclic Aromatic Hydrocarbons (PAHs),Benzo[a]pyrene,CHEBI:34337,,13345-21-6,3-hydroxybenzo(a)pyrene,3-hydroxyBaP,ohbap,,,,,,,,,,,,,,,,,,,,,,,,,
Polycyclic Aromatic Hydrocarbons (PAHs),Benzo[c]phenanthrene,CHEBI:132445,,22717-95-9,3-hydroxybenzo[c]-phenanthrene,3-BCP,hbcp,,,,,,,,,,,,,,,,,,,,,,,,,
Polycyclic Aromatic Hydrocarbons (PAHs),,,PQWYZWVBXAOHOU-UHFFFAOYSA-N,,3-Hydroxyfluoranthène,3-OHFA,threeohfa,,,,,,,,,,,,,,,,,,,,,,,,,
Polycyclic Aromatic Hydrocarbons (PAHs),Fluorene,CHEBI:89645,,,3-hydroxyfluorene,3-FLUO,threehfluo,,,,,,,,,,,,,,,,,,,,,,,,,
Polycyclic Aromatic Hydrocarbons (PAHs),Phenanthrene,CHEBI:20184,,605-87-8,3-hydroxyphenanthrene,3-PHEN,threehphe,,,,,,,,,,,,,,,,,,,,,,,,,
Flame retardants,Triphenyl phosphate,,AWYVETCHVQGXMB-UHFFFAOYSA-N,,3-hydroxyphenyl diphenyl phosphate,,ohtphp3,,,,,,,,,,,,,,,,,,,,,,,,,
Phthalates,Di-n-butyl phthalate,,CTDCWBUTXCPHAM-UHFFFAOYSA-N  ,,3-OH-Mono-n-butyl phthalate,OH-MnBP,ohmnbp,,,,,,,,,,,,,,,,,,,,,,,,,
Pesticides (pyrethroids),Cyhalothrin;Cypermethrin;Deltamethrin;Fenpropathrin;Fenvalerate;Permethrin,CHEBI:72631,,3739-38-6,3-phenoxybenzoic acid,3PBA,threepba,,,,,,,,,,,,,,,,,,,,,,,,,
Anilines and MOCA,3-Trifluormethoxyaniline,,,,3-Trifluormethoxyaniline,3TFMA,threetfma,,,,,,,,,,,,,,,,,,,,,,,,,
Pesticides;Anilines and MOCA,"3,4-Dichloroaniline",CHEBI:16767,,95-76-1,"3,4-Dichloroaniline","3,4DChA",threefourdcha,,,,,,,,,,,,,,,,,,,,,,,,,
Pesticides,"3,5-dibromo-4-hydroxybenzonitrile",,UPMXNNIRAGDFEH-UHFFFAOYSA-N,,"3,5-dibromo-4-hydroxybenzonitrile",Bromoxynil,bromoxynil,,,,,,,,,,,,,,,,,,,,,,,,,
Pesticides;Anilines and MOCA,"3,5-Dichloroaniline",CHEBI:19904,,626-43-7,"3,5-Dichloroaniline","3,5DChA",threefivedcha,,,,,,,,,,,,,,,,,,,,,,,,,
Pesticides,Chlorpyrifos;Chlorpyrifos-methyl,CHEBI:143794,,6515-38-4,"3,5,6-trichloro-2-pyridinol",TCPy,tcpy,,,,,,,,,,,,,,,,,,,,,,,,,
Pesticides,Pyrimethanil,,NUWWAHKTVOVTNC-UHFFFAOYSA-N,,4'-Hydroxypyrimethanil,4OH-PYRIMETHANYL,fourohpyrimeth,,,,,,,,,,,,,,,,,,,,,,,,,
Anilines and MOCA,4-Aminobiphenyl,CHEBI:1784,,92-67-1,4-Aminobiphenyl,4ABPH,fourabph,,,,,,,,,,,,,,,,,,,,,,,,,
Pesticides (pyrethroids),Esfenvalerate;Fenvalerate,,,,4-chloro-alpha-isopropyl benzene acetic acid,CPBA,cpba,,,,,,,,,,,,,,,,,,,,,,,,,
Pesticides,,CHEBI:28078,,106-48-9,4-chlorophenol,4-MCP,mcp4,,,,,,,,,,,,,,,,,,,,,,,,,
Anilines and MOCA,4-Ethylaniline,,HRXZRAXKKNUKRF-UHFFFAOYSA-N,,4-Ethylaniline,EtA,eta,,,,,,,,,,,,,,,,,,,,,,,,,
Pesticides (pyrethroids),Cyfluthrin,CHEBI:165196,,77279-89-1,4-fluoro-3-phenoxybenzoic acid,F-3-PBA,fpba,,,,,,,,,,,,,,,,,,,,,,,,,
UV-filters (benzophenones),4-hydroxy-benzophenone,CHEBI:34421,,1137-42-4,4-hydroxy-benzophenone,4OH-BP,fourhbp,,,,,,,,,,,,,,,,,,,,,,,,,
Pesticides,"2,4,5,6-tetrachlorobenzene-1,3-dicarbonitrile",,MDQKYGOECVSPIW-UHFFFAOYSA-N,,4-Hydroxy Chlorothalonil,Chlorothalonil-4OH,chlor4oh,,,,,,,,,,,,,,,,,,,,,,,,,
Polycyclic Aromatic Hydrocarbons (PAHs),Phenanthrene,CHEBI:20469,,7651-86-7,4-hydroxyphenanthrene,4-PHEN,fourhphe,,,,,,,,,,,,,,,,,,,,,,,,,
Flame retardants,Triphenyl phosphate,,TUBVQVOADJADLU-UHFFFAOYSA-M,,4-hydroxyphenyl phenyl phosphate,4-HO-DPHP,fourohdphp,,,,,,,,,,,,,,,,,,,,,,,,,
Anilines and MOCA,4-Isopropylaniline,CHEBI:43405,,99-88-7,4-Isopropylaniline,IPA,ipa,,,,,,,,,,,,,,,,,,,,,,,,,
UV-filters (benzophenones),4-methyl-benzophenone,,WXPWZZHELZEVPO-UHFFFAOYSA-N,,4-methyl-benzophenone,4-MBP,fourmbp,,,,,,,,,,,,,,,,,,,,,,,,,
Anilines and MOCA,4-Methyl-m-phenylenediamine,CHEBI:34237,,95-80-7,4-Methyl-m-phenylenediamine,PDA,pda,,,,,,,,,,,,,,,,,,,,,,,,,
UV-filters (benzophenones),,CHEBI:135937,,36861-47-9,4-methylbenzylidene camphor,,enzacamene,,,,,,,,,,,,,,,,,,,,,,,,,
Pesticides,Parathion,CHEBI:16836,,100-02-7,4-Nitrophenol,4-nitrophenol,niphen,,,,,,,,,,,,,,,,,,,,,,,,,
Anilines and MOCA,4-Trifluormethoxyaniline,,,,4-Trifluormethoxyaniline,4TFMA,fourtfma,,,,,,,,,,,,,,,,,,,,,,,,,
Anilines and MOCA,"4,4'-methylenebis(2-chloroaniline)",CHEBI:28124,,101-14-4,"4,4'-methylenebis(2-chloroaniline)",MOCA,moca,,,,,,,,,,,,,,,,,,,,,,,,,
Diisocyanates;Anilines and MOCA,"4,4'-methylenedianiline;4,4'-methylenediphenyl-diisocyanate",CHEBI:32506,,101-77-9,"4,4'-methylenedianiline",MDA,mda,,,,,,,,,,,,,,,,,,,,,,,,,
Aprotic solvents,N-ethyl-2-pyrrolidone,,RIOOHZIYIQTLNP-UHFFFAOYSA-N,,5-hydroxy-N-ethyl-2-pyrrolidone,5-HNEP,hnep,,,,,,,,,,,,,,,,,,,,,,,,,
Aprotic solvents,N-methyl-2-pyrrolidone,,RMBHYULORNYSOB-UHFFFAOYSA-N,,5-hydroxy-N-methyl-2-pyrrolidone,5-HNMP,hnmp,,,,,,,,,,,,,,,,,,,,,,,,,
Polycyclic Aromatic Hydrocarbons (PAHs),,CHEBI:82342,,3697-24-3,5-Methylchrysene,5-MCH,fivemch,,,,,,,,,,,,,,,,,,,,,,,,,
Pesticides,Thiabenadazole,,VNENJHUOPQAPAT-UHFFFAOYSA-N,,5-OH-thiabendazole,5OH-THIABENDAZOLE,fiveohthiabendazole,,,,,,,,,,,,,,,,,,,,,,,,,
Polycyclic Aromatic Hydrocarbons (PAHs),Chrysene,CHEBI:132407,,37515-51-8,6-hydroxychrysene,6-CRY,sixhcry,,,,,,,,,,,,,,,,,,,,,,,,,
Phthalates,Di(2-propylheptyl) phthalate,,,,"6-OH-mono-propyl-heptyl phthalate (GC-HRMS method, only DPHP metabolites)",OH-MPHP,ohmphp,,,,,,,,,,,,,,,,,,,,,,,,,
Phthalates,Di-isodecyl phthalate (all C10 phthalates including DPHP),,,,"6-OH-Mono-propyl-heptyl phthalate (LC-MS/MS method, sum of all C10 metabolites including the DPHP metabolites)",OH-MiDP,ohmidp,,,,,,,,,,,,,,,,,,,,,,,,,
Phthalates,Di(2-propylheptyl) phthalate,,,,"6-Oxo-mono-propyl-heptyl phthalate (GC-HRMS method, only DPHP metabolites)",oxo-MPHP,oxomphp,,,,,,,,,,,,,,,,,,,,,,,,,
Phthalates,Di-isodecyl phthalate (all C10 phthalates including DPHP),,,,"6-Oxo-mono-propyl-heptyl phthalate (LC-MS/MS method, sum of all C10 metabolites including the DPHP metabolites)",oxo-MiDP,oxomidp,,,,,,,,,,,,,,,,,,,,,,,,,
Phthalates,Di-isononyl phthalate,,IGGGGTKTEAEHSG-UHFFFAOYSA-N,,7-Carboxy-(mono-methyl- heptyl) phthalate,cx-MiNP,mcop,,,,,,,,,,,,,,,,,,,,,,,,,
Phthalates,Di-isononyl phthalate,,RWCHSWLUPRJYEX-UHFFFAOYSA-N,,7-OH-(Mono-methyl-octyl) phthalate,OH-MiNP,mhnp,,,,,,,,,,,,,,,,,,,,,,,,,
Phthalates,Di-isononyl phthalate,,UFUNVAIKYOYYBB-UHFFFAOYSA-N,,7-Oxo-(mono-methyl-octyl) phthalate,oxo-MiNP,monp,,,,,,,,,,,,,,,,,,,,,,,,,
Polycyclic Aromatic Hydrocarbons (PAHs),"7,12-Dimethylbenz(a)anthracene",CHEBI:254496,,57-97-6,"7,12-Dimethylbenz(a)anthracene",DMBA,dmba,,,,,,,,,,,,,,,,,,,,,,,,,
Genotoxicity,,CHEBI:40304,,88847-89-6,8-hydroxy-2'-deoxyguanosine,8-oxodG,dgua,,,,,,,,,,,,,,,,,,,,,,,,,
Polycyclic Aromatic Hydrocarbons (PAHs),Benz[a]anthracene,,RSPOTBWXQUBAQH-UHFFFAOYSA-N,,9-hydroxybenz[a]anthracene,9-BaA,hbaa9,,,,,,,,,,,,,,,,,,,,,,,,,
Polycyclic Aromatic Hydrocarbons (PAHs),Fluorene,CHEBI:16904,,1689-64-1,9-hydroxyfluorene,9-FLUO,ninehfluo,,,,,,,,,,,,,,,,,,,,,,,,,
Polycyclic Aromatic Hydrocarbons (PAHs),Phenanthrene,CHEBI:28820,,484-17-3,9-hydroxyphenanthrene,9-PHEN,ninehphe,,,,,,,,,,,,,,,,,,,,,,,,,
Polycyclic Aromatic Hydrocarbons (PAHs),Phenanthrene,CHEBI:20814,,604-84-2,"9,10-Phenanthrenediol","9,10-PHEdiol",phediol,,,,,,,,,,,,,,,,,,,,,,,,,
Polycyclic Aromatic Hydrocarbons (PAHs),Acenaphthene,CHEBI:22154,,83-32-9,Acenaphthene,ACE,ace,,,,,,,,,,,,,,,,,,,,,,,,,
Polycyclic Aromatic Hydrocarbons (PAHs),Acenaphthylene,CHEBI:33081,,208-96-8,Acenaphthylene,ACY,acy,,,,,,,,,,,,,,,,,,,,,,,,,
Pesticides,N-[(6-chloropyridin-3-yl)methyl]-N'-cyano-N-methylethanimidamide,,AYEAUPRZTZWBBF-UHFFFAOYSA-N,,Acetamiprid-N-desmethyl,Acetamiprid-N-desmethyl,acetamipridndes,,,,,,,,,,,,,,,,,,,,,,,,,
Mycotoxins,Aflatoxin B1,,,,AFB-lysine,AFB-Lys,afblys,,,,,,,,,,,,,,,,,,,,,,,,,
Mycotoxins,Aflatoxin B1,,GXTQFZWLCDHVQV-CKJDJMSUSA-N,,AFB-N7-guanine,,afbgua,,,,,,,,,,,,,,,,,,,,,,,,,
Mycotoxins,Aflatoxin B1,CHEBI:2504,,1162-65-8,Aflatoxin B1,AFB1,afbone,,,,,,,,,,,,,,,,,,,,,,,,,
Mycotoxins,Aflatoxin B2,CHEBI:48209,,7220-81-7,Aflatoxin B2,AFB2,afbtwo,,,,,,,,,,,,,,,,,,,,,,,,,
Mycotoxins,Aflatoxin G1,CHEBI:80706,,1165-39-5,Aflatoxin G1,AFG1,afgone,,,,,,,,,,,,,,,,,,,,,,,,,
Mycotoxins,Aflatoxin G2,CHEBI:80705,,7241-98-7,Aflatoxin G2,AFG2,afgtwo,,,,,,,,,,,,,,,,,,,,,,,,,
Mycotoxins,Aflatoxin B1,CHEBI:78576,,6795-23-9,Aflatoxin M1,AFM1,afm,,,,,,,,,,,,,,,,,,,,,,,,,
Herbicides,"2-Chloro-N-(2,6-diethylphenyl)-N-(methoxymethyl)acetamide",,RFZSQTJRFQHGIJ-INIZCTEOSA-N,,Alachlor mercapturate,,almer,,,,,,,,,,,,,,,,,,,,,,,,,
Pesticides,Aldrin,CHEBI:2564,,309-00-2,Aldrin,Aldrin,aldrin,,,,,,,,,,,,,,,,,,,,,,,,,
Pesticides,,CHEBI:39096,,319-84-6,Alpha-hexachlorocyclohexane,α-HCH,ahch,,,,,,,,,,,,,,,,,,,,,,,,,
Mycotoxins,Alternariol,CHEBI:64983,,641-38-3,Alternariol,AOH,aoh,,,,,,,,,,,,,,,,,,,,,,,,,
Mycotoxins,Alternariol Monomethyl Ether,CHEBI:141315,,23452-05-3,Alternariol Monomethyl Ether,AME,ame,,,,,,,,,,,,,,,,,,,,,,,,,
Metals,,CHEBI:28984,,7429-90-5,Aluminium,Al,al,,,,,,,,,,,,,,,,,,,,,,,,,
Pesticides,"5-ethyl-6-octyl-[1,2,4]triazolo[1,5-a]pyrimidin-7-amine",,SBOXHLTXNTZTBN-UHFFFAOYSA-N,,Ametoctradin Metabolite M650F01,Ametoctradin-M650F01,m650f01,,,,,,,,,,,,,,,,,,,,,,,,,
Pesticides,Glyphosate,CHEBI:28812,,1066-51-9,Aminomethylyphosphonic acid,AMPA,ampa,,,,,,,,,,,,,,,,,,,,,,,,,
Anilines and MOCA,Aniline,CHEBI:17296,,62-53-3,Aniline,Aniline,aniline,,,,,,,,,,,,,,,,,,,,,,,,,
Polycyclic Aromatic Hydrocarbons (PAHs),Anthracene,CHEBI:35298,,,Anthracene,AN,an,,,,,,,,,,,,,,,,,,,,,,,,,
Flame retardants,Anti-dechlorane plus,,UGQQAJOWXNCOPY-VBCJEVMVSA-N,,Anti-dechlorane plus,Anti-DP,adp,,,,,,,,,,,,,,,,,,,,,,,,,
Metals,,CHEBI:30513,,,Antimony,Sb,sb,,,,,,,,,,,,,,,,,,,,,,,,,
Metals,,CHEBI:30512,,7440-22-4,Argentum,Ag,ag,,,,,,,,,,,,,,,,,,,,,,,,,
Metals,,CHEBI:27563,,7440-38-2,Arsenic,As,as,,,,,,,,,,,,,,,,,,,,,,,,,
Metals,Arsenic,CHEBI:35828,,7440-38-2,Arsenic(III) acid,As(III),asthree,,,,,,,,,,,,,,,,,,,,,,,,,
Metals,Arsenic,CHEBI:35829,,,Arsenic(V) acid,As(V),asfive,,,,,,,,,,,,,,,,,,,,,,,,,
Metals,Arsenic,CHEBI:82392,,64436-13-1,Arsenobetaine,AsB,asb,,,,,,,,,,,,,,,,,,,,,,,,,
Herbicides,Atrazine,CHEBI:15930,,1912-24-9,Atrazine,,atrz,,,,,,,,,,,,,,,,,,,,,,,,,
Herbicides,Atrazine,,JYBXBVCDDNBLJW-VIFPVBQESA-N,,Atrazine mercapturate,,atmer,,,,,,,,,,,,,,,,,,,,,,,,,
Metals,,CHEBI:32594,,,Barium,Ba,ba,,,,,,,,,,,,,,,,,,,,,,,,,
Polycyclic Aromatic Hydrocarbons (PAHs),Benz[a]anthracene,CHEBI:51348,,,Benz[a]anthracene,BaA,baa,,,,,,,,,,,,,,,,,,,,,,,,,
Polycyclic Aromatic Hydrocarbons (PAHs),Benzo[a]pyrene,CHEBI:29865,,50-32-8,Benzo[a]pyrene,BaP,bap,,,,,,,,,,,,,,,,,,,,,,,,,
Polycyclic Aromatic Hydrocarbons (PAHs),Benzo[b]fluoranthene,CHEBI:34565,,205-99-2,Benzo[b]fluoranthene,BbFA,bbfa,,,,,,,,,,,,,,,,,,,,,,,,,
Polycyclic Aromatic Hydrocarbons (PAHs),Benzo[c]fluorene,CHEBI:82403,,205-12-9,Benzo[c]fluorene,BcFL,bcfl,,,,,,,,,,,,,,,,,,,,,,,,,
Polycyclic Aromatic Hydrocarbons (PAHs),Benzo[c]phenanthrene,CHEBI:82292,,195-19-7,Benzo[c]phenanthrene,BcPh,bcph,,,,,,,,,,,,,,,,,,,,,,,,,
Polycyclic Aromatic Hydrocarbons (PAHs),Benzo[e]pyrene,CHEBI:34567,,192-97-2,Benzo[e]pyrene,BeP,bep,,,,,,,,,,,,,,,,,,,,,,,,,
Polycyclic Aromatic Hydrocarbons (PAHs),"Benzo[g,h,i]perylene",CHEBI:34568,,191-24-2,"Benzo[g,h,i]perylene",BghiP,bghip,,,,,,,,,,,,,,,,,,,,,,,,,
Polycyclic Aromatic Hydrocarbons (PAHs),Benzo[j]fluoranthene,CHEBI:82291,,205-82-3,Benzo[j]fluoranthene,BjFA,bjfa,,,,,,,,,,,,,,,,,,,,,,,,,
Polycyclic Aromatic Hydrocarbons (PAHs),Benzo[k]fluoranthene,CHEBI:34569,,207-08-9,Benzo[k]fluoranthene,BkFA,bkfa,,,,,,,,,,,,,,,,,,,,,,,,,
UV-filters (benzophenones),Benzophenone,CHEBI:41308,,,Benzophenone,BP,bp,,,,,,,,,,,,,,,,,,,,,,,,,
UV-filters (benzophenones),Benzophenone 1;Benzophenone 3,CHEBI:34240,,131-56-6,Benzophenone 1,BP-1,bpone,,,,,,,,,,,,,,,,,,,,,,,,,
UV-filters (benzophenones),Benzophenone 2,,WXNRYSGJLQFHBR-UHFFFAOYSA-N,,Benzophenone 2,BP-2,bptwo,,,,,,,,,,,,,,,,,,,,,,,,,
UV-filters (benzophenones),Benzophenone 3,CHEBI:34283,,131-57-7,Benzophenone 3,BP-3,bpthree,,,,,,,,,,,,,,,,,,,,,,,,,
UV-filters (benzophenones),Benzophenone 4,CHEBI:135312,,4065-45-6,Benzophenone 4,BP-4,bpfour,,,,,,,,,,,,,,,,,,,,,,,,,
UV-filters (benzophenones),Benzophenone 6,,SODJJEXAWOSSON-UHFFFAOYSA-N,,Benzophenone 6,BP-6,bpsix,,,,,,,,,,,,,,,,,,,,,,,,,
UV-filters (benzophenones),Benzophenone 7,,OMWSZDODENFLSV-UHFFFAOYSA-N,,Benzophenone 7,BP-7,bpseven,,,,,,,,,,,,,,,,,,,,,,,,,
UV-filters (benzophenones),Benzophenone 3,CHEBI: 34208,,,Benzophenone 8,BP-8,dhmb,,,,,,,,,,,,,,,,,,,,,,,,,
Parabens,,CHEBI:34571,,94-18-8,Benzylparaben,,benpar,,,,,,,,,,,,,,,,,,,,,,,,,
Metals,,,ATBAMAFKBVZNFJ-UHFFFAOYSA-N,,Berylium,Be,be,,,,,,,,,,,,,,,,,,,,,,,,,
Pesticides;Organochlorine compounds (OCs),Hexachlorocyclohexane,CHEBI:28428,,319-85-7,Beta-hexachlorocyclohexane,bHCH,bhch,,,,,,,,,,,,,,,,,,,,,,,,,
Flame retardants,Tris(2chloroisopropyl)phosphate,CHEBI:166470,,,Bis(1-chloro-2-propyl) phosphate,BCIPP,bcippms,,,,,,,,,,,,,,,,,,,,,,,,,
Flame retardants,"Tris(1,3-dichloro-2-propyl) phosphate",CHEBI:166469,,72236-72-7,"Bis(1,3-dichloro-2-propyl) phosphate",BDCIPP,bdcippms,,,,,,,,,,,,,,,,,,,,,,,,,
Flame retardants,Tris(2-butoxyethyl) phosphate,,ZYWDPVGRFHQPGL-UHFFFAOYSA-N,,Bis(2-butoxyethyl) 3-hydroxy-2-butoxyethyl phosphate,3-HO-TBOEP,ohtboep,,,,,,,,,,,,,,,,,,,,,,,,,
Flame retardants,Tris(2-butoxyethyl) phosphate,,NNXWIPHZHATIFE-UHFFFAOYSA-N,,Bis(2-butoxyethyl) phosphate,BBOEP,bboephr,,,,,,,,,,,,,,,,,,,,,,,,,
Flame retardants,Bis(2-chloroethyl) phosphate,CHEBI:166471,,3040-56-0,Bis(2-chloroethyl) phosphate,BCEP,bcepms,,,,,,,,,,,,,,,,,,,,,,,,,
Flame retardants,"Bis(2-ethylhexyl)-3,4,5,6-tetrabromophthalate",,UUEDINPOVKWVAZ-UHFFFAOYSA-N,,"Bis(2-ethylhexyl)-3,4,5,6-tetrabromophthalate",BEH-TEBP,hebtebp,,,,,,,,,,,,,,,,,,,,,,,,,
Flame retardants,Tri-(2-ethylhexyl) phosphate,,SEGLCEQVOFDUPX-UHFFFAOYSA-N,,Bis(2-ethylhexyl) phosphate,BEHP,behp,,,,,,,,,,,,,,,,,,,,,,,,,
Metals,,CHEBI:33301,,7440-69-9,Bismuth,Bi,bi,,,,,,,,,,,,,,,,,,,,,,,,,
Bisphenols,Bisphenol A,CHEBI:33216,,80-05-7,Bisphenol A,BPA,cbpa,,,,,,,,,,,,,,,,,,,,,,,,,
Bisphenols,Bisphenol A,CHEBI:33216,,80-05-7,Bisphenol A,BPA,fbpa,,,,,,,,,,,,,,,,,,,,,,,,,
Bisphenols,Bisphenol A,CHEBI:33216,,80-05-7,Bisphenol A,BPA,bpa,,,,,,,,,,,,,,,,,,,,,,,,,
Bisphenols,Bisphenol AF,CHEBI:72754,,1478-61-1,Bisphenol AF,BPAF,cbpaf,,,,,,,,,,,,,,,,,,,,,,,,,
Bisphenols,Bisphenol AF,CHEBI:72754,,1478-61-1,Bisphenol AF,BPAF,fbpaf,,,,,,,,,,,,,,,,,,,,,,,,,
Bisphenols,Bisphenol AF,CHEBI:72754,,1478-61-1,Bisphenol AF,BPAF,bpaf,,,,,,,,,,,,,,,,,,,,,,,,,
Bisphenols,Bisphenol B,CHEBI:34581,,77-40-7,Bisphenol B,BPB,fbpb,,,,,,,,,,,,,,,,,,,,,,,,,
Bisphenols,Bisphenol B,CHEBI:34581,,77-40-7,Bisphenol B,BPB,cbpb,,,,,,,,,,,,,,,,,,,,,,,,,
Bisphenols,Bisphenol B,CHEBI:34581,,77-40-7,Bisphenol B,BPB,bpb,,,,,,,,,,,,,,,,,,,,,,,,,
Bisphenols,Bisphenol C,CHEBI:34030,,14868-03-2,Bisphenol C,BPC,fbpc,,,,,,,,,,,,,,,,,,,,,,,,,
Bisphenols,Bisphenol C,CHEBI:34030,,14868-03-2,Bisphenol C,BPC,cbpc,,,,,,,,,,,,,,,,,,,,,,,,,
Bisphenols,Bisphenol C,CHEBI:34030,,14868-03-2,Bisphenol C,BPC,bpc,,,,,,,,,,,,,,,,,,,,,,,,,
Bisphenols,Bisphenol F,CHEBI:34575,,620-92-8,Bisphenol F,BPF,bpf,,,,,,,,,,,,,,,,,,,,,,,,,
Bisphenols,Bisphenol F,CHEBI:34575,,620-92-8,Bisphenol F,BPF,cbpf,,,,,,,,,,,,,,,,,,,,,,,,,
Bisphenols,Bisphenol F,CHEBI:34575,,620-92-8,Bisphenol F,BPF,fbpf,,,,,,,,,,,,,,,,,,,,,,,,,
Bisphenols,Bisphenol S,CHEBI:34372,,80-09-1,Bisphenol S,BPS,bps,,,,,,,,,,,,,,,,,,,,,,,,,
Bisphenols,Bisphenol S,CHEBI:34372,,80-09-1,Bisphenol S,BPS,fbps,,,,,,,,,,,,,,,,,,,,,,,,,
Bisphenols,Bisphenol S,CHEBI:34372,,80-09-1,Bisphenol S,BPS,cbps,,,,,,,,,,,,,,,,,,,,,,,,,
Bisphenols,Bisphenol Z,CHEBI:165198,,843-55-0,Bisphenol Z,BPZ,fbpz,,,,,,,,,,,,,,,,,,,,,,,,,
Bisphenols,Bisphenol Z,CHEBI:165198,,843-55-0,Bisphenol Z,BPZ,cbpz,,,,,,,,,,,,,,,,,,,,,,,,,
Bisphenols,Bisphenol Z,CHEBI:165198,,843-55-0,Bisphenol Z,BPZ,bpz,,,,,,,,,,,,,,,,,,,,,,,,,
Metals,,CHEBI:27560,,7440-42-8,Boron,B,b,,,,,,,,,,,,,,,,,,,,,,,,,
Pesticides,Boscalid,CHEBI:81822,,188425-85-6,Boscalid,,boscalid,,,,,,,,,,,,,,,,,,,,,,,,,
Pesticides,Boscalid,,GLTMLPGXPMAIOI-UHFFFAOYSA-N,,Boscalid-5-hydroxy,Boscalid-5-OH,boscalid5oh,,,,,,,,,,,,,,,,,,,,,,,,,
Phthalates,,CHEBI:34595,,85-68-7,Butyl benzyl phthalate,BBP,bbp,,,,,,,,,,,,,,,,,,,,,,,,,
Parabens,,CHEBI:88542,,94-26-8,Butylparaben,,butpar,,,,,,,,,,,,,,,,,,,,,,,,,
Metals,Cadmium,CHEBI:22977,,7440-43-9,Cadmium,Cd,cd,,,,,,,,,,,,,,,,,,,,,,,,,
Metals,,CHEBI:22984,,7440-70-2,Calcium,Ca,ca,,,,,,,,,,,,,,,,,,,,,,,,,
Pesticides (carbamate),Carbofuran,CHEBI:38474,,1563-38-8,Carbofuran-phenol,carbofuran-phenol,carphe,,,,,,,,,,,,,,,,,,,,,,,,,
Metals,,CHEBI:33369,,7440-45-1,Cerium,Ce,ce,,,,,,,,,,,,,,,,,,,,,,,,,
Metals,,CHEBI:30514,,7440-46-2,Cesium,Cs,cs,,,,,,,,,,,,,,,,,,,,,,,,,
Pesticides (pyrethroids),Bifenthrin;Cyhalothrin,,SPVZAYWHHVLPBN-WREUKLMHSA-N,,Chlorotrifluorovinylcyclo-propane carboxylic acid,CIF3CA,cifca,,,,,,,,,,,,,,,,,,,,,,,,,
Pesticides,Propan-2-yl N-(3-chlorophenyl)carbamate,,ZEAREOZFWMROEI-UHFFFAOYSA-N,,Chlorpropham-4-hydroxy-O-sulfonic acid,4-HSA,fourhsa,,,,,,,,,,,,,,,,,,,,,,,,,
Pesticides,Chlorpyrifos,CHEBI:34631,,2921-88-2,Chlorpyrifos,chlorpyrifos,chlorpyr,,,,,,,,,,,,,,,,,,,,,,,,,
Pesticides,,CHEBI:34632,,5598-13-0,Chlorpyrifos-methyl,chlorpyrifos-methyl,chlormet,,,,,,,,,,,,,,,,,,,,,,,,,
Pesticides,Chlorpyrifos-methyl,,DYESOQMZDNCQNZ-UHFFFAOYSA-N,,Chlorpyrifos-methyl-desmethyl,Chlorpyrifos-methyl-desmethyl,chlormetdes,,,,,,,,,,,,,,,,,,,,,,,,,
Pesticides,,,XCBOKUAJQWDYNI-UHFFFAOYSA-N,,Chlorpyrifos-methyl-oxon,chlorpyrifos-methyl-oxon,chlormetox,,,,,,,,,,,,,,,,,,,,,,,,,
Pesticides,,,OTMOUPHCTWPNSL-UHFFFAOYSA-N,,Chlorpyrifos-oxon,chlorpyrifos-oxon,chlorox,,,,,,,,,,,,,,,,,,,,,,,,,
Blood Lipids and lipid transport proteins,,CHEBI:16113,,57-88-5,Cholesterol,CHOL,chol,,,,,,,,,,,,,,,,,,,,,,,,,
Metals,Chromium,CHEBI:28073,,7440-47-3,Chromium,Cr,tcr,,,,,,,,,,,,,,,,,,,,,,,,,
Polycyclic Aromatic Hydrocarbons (PAHs),,CHEBI:132404,,65945-06-4,Chrysen-2-ol,2-CRY,twocry,,,,,,,,,,,,,,,,,,,,,,,,,
Polycyclic Aromatic Hydrocarbons (PAHs),,CHEBI:132405,,63019-39-6,Chrysen-3-ol,3-CRY,threecry,,,,,,,,,,,,,,,,,,,,,,,,,
Polycyclic Aromatic Hydrocarbons (PAHs),,CHEBI:132406,,63019-40-9,Chrysen-4-ol,4-CRY,fourcry,,,,,,,,,,,,,,,,,,,,,,,,,
Polycyclic Aromatic Hydrocarbons (PAHs),Chrysene,CHEBI:51687,,,Chrysene,CRY,cry,,,,,,,,,,,,,,,,,,,,,,,,,
Pesticides (pyrethroids),Deltamethrin,,MDIQXIJPQWLFSD-INEUFUBQSA-N,,"Cis-3-(2,2-dibromovinyl)-2,2-dimethylcyclopropane-1-carboxylic acid",cis-DBCA,cisdbca,,,,,,,,,,,,,,,,,,,,,,,,,
Pesticides,,CHEBI:39068,,5103-71-9,Cis-chlordane,α-chlordane,achlor,,,,,,,,,,,,,,,,,,,,,,,,,
Pesticides;Organochlorine compounds (OCs),Chlordane,CHEBI:81540,,39765-80-5,Cis-nonachlor,,cisnonac,,,,,,,,,,,,,,,,,,,,,,,,,
Mycotoxins,Citrinin,CHEBI:48707,,518-75-2,Citrinin,CIT,cit,,,,,,,,,,,,,,,,,,,,,,,,,
Pesticides,"1-[(2-chloro-1,3-thiazol-5-yl)methyl]-3-methyl-2-nitroguanidine",,ZTLCLYBKONTDBT-UHFFFAOYSA-N,,Clothianidin desmethyl,Clothianidin desmethyl,clothdes,,,,,,,,,,,,,,,,,,,,,,,,,
Metals,,CHEBI:27638,,7440-48-4,Cobalt,Co,co,,,,,,,,,,,,,,,,,,,,,,,,,
Metals,,CHEBI:28694,,,Copper,Cu,cu,,,,,,,,,,,,,,,,,,,,,,,,,
Stress hormones,,CHEBI:17650,,50-23-7,Cortisol,,crtl,,,,,,,,,,,,,,,,,,,,,,,,,
Inflammation and immunity;Steroid/Sex hormones,,CHEBI:16962,,53-06-5,Cortison,,crtn,,,,,,,,,,,,,,,,,,,,,,,,,
Alkaloid,,CHEBI:68641,,486-56-6,Cotinine,,cot,,,,,,,,,,,,,,,,,,,,,,,,,
Property of urine,,CHEBI:16737,,60-27-5,Creatinine,CRT,crt,,,,,,,,,,,,,,,,,,,,,,,,,
DINCH,"Di-isononyl cyclohexane-1,2-dicarboxylate",,HGYNPCSGHWFMTB-UHFFFAOYSA-N,,"Cyclohexane-1,2-dicarboxylate-mono-(7-carboxylate-4-methyl)heptyl ester",cx-MINCH,mcoch,,,,,,,,,,,,,,,,,,,,,,,,,
DINCH,"Di-isononyl cyclohexane-1,2-dicarboxylate",,,,"Cyclohexane-1,2-dicarboxylate-mono-(7-hydroxy-4-methyl)octyl ester",OH-MINCH,mhnch,,,,,,,,,,,,,,,,,,,,,,,,,
DINCH,"Di-isononyl cyclohexane-1,2-dicarboxylate",,GDOQGHAKQNDFFH-UHFFFAOYSA-N ,,"Cyclohexane-1,2-dicarboxylate-mono-(7-oxo-4-methyl)octyl ester",oxo-MINCH,monch,,,,,,,,,,,,,,,,,,,,,,,,,
DINCH,"Di-isononyl cyclohexane-1,2-dicarboxylate",,HQEIYBJWBXYUOH-UHFFFAOYSA-N,,"Cyclohexane-1,2-dicarboxylic acid mono-isononyl ester",MINCH,minch,,,,,,,,,,,,,,,,,,,,,,,,,
Polycyclic Aromatic Hydrocarbons (PAHs),"Cyclopenta[c,d]pyrene",,,,"Cyclopenta[c,d]pyrene",CPP,cpp,,,,,,,,,,,,,,,,,,,,,,,,,
Pesticides,Cyprodinil,,LBDZGKRFRHHISM-UHFFFAOYSA-N,,Cyprodinil-OH (hydroxycyprodinil),OH-CYPRODINIL,cyprodiniloh,,,,,,,,,,,,,,,,,,,,,,,,,
Flame retardants,Decabromodiphenylethane,,BZQKBFHEWDPQHD-UHFFFAOYSA-N,,Decabromodiphenylethane,DBDPE,dbdpe,,,,,,,,,,,,,,,,,,,,,,,,,
Flame retardants,Dechlorane 602,,CDBKZZACXQLFMK-UHFFFAOYSA-N,,Dechlorane 602,Dec602,dectwo,,,,,,,,,,,,,,,,,,,,,,,,,
Flame retardants,Dechlorane 603,,WSEXCYJMFQVEIN-UHFFFAOYSA-N,,Dechlorane 603,Dec603,decthree,,,,,,,,,,,,,,,,,,,,,,,,,
Flame retardants,Dechlorane 604,,PHYHWKJTYWPNCS-PDPXOMPHSA-N,,Dechlorane 604,Dec604,decfour,,,,,,,,,,,,,,,,,,,,,,,,,
Mycotoxins,Deoxynivalenol,,ZACLXWTWERGCLX-MDUHGFIHSA-N,,Deepoxy-deoxynivalenol,DOM-1,tdomone,,,,,,,,,,,,,,,,,,,,,,,,,
Mycotoxins,Deoxynivalenol,,ZACLXWTWERGCLX-MDUHGFIHSA-N,,Deepoxy-deoxynivalenol,DOM-1,domone,,,,,,,,,,,,,,,,,,,,,,,,,
Mycotoxins,Deoxynivalenol,CHEBI:10022,,51481-10-8,Deoxynivalenol,DON,fdon,,,,,,,,,,,,,,,,,,,,,,,,,
Mycotoxins,Deoxynivalenol,CHEBI:10022,,51481-10-8,Deoxynivalenol,DON,tdon,,,,,,,,,,,,,,,,,,,,,,,,,
Mycotoxins,Deoxynivalenol,,,,Deoxynivalenol-15-acetate,15-acetyl-DON,facetyldon,,,,,,,,,,,,,,,,,,,,,,,,,
Mycotoxins,Deoxynivalenol,,GWMAFZPFSLUKMN-IJNZYEPRSA-N,,Deoxynivalenol-15-glucuronide,DON-15-GlcA,donfglca,,,,,,,,,,,,,,,,,,,,,,,,,
Mycotoxins,Deoxynivalenol,CHEBI:168268,,131180-21-7,Deoxynivalenol-3-glucoside,DON-3-glucoside,domgluc,,,,,,,,,,,,,,,,,,,,,,,,,
Mycotoxins,Deoxynivalenol,,GRFAWUZMBBQEMX-IJNZYEPRSA-N,,Deoxynivalenol-3-glucuronide,DON-3-GlcA,dontglca,,,,,,,,,,,,,,,,,,,,,,,,,
Herbicides,Atrazine,CHEBI:83463,,,Desethyl 2-hydroxy atrazine,,des2hyat,,,,,,,,,,,,,,,,,,,,,,,,,
Herbicides,Atrazine,CHEBI:28212,,6190-65-4,Desethyl atrazine,,desat,,,,,,,,,,,,,,,,,,,,,,,,,
Herbicides,Atrazine,,,,Desethyl desisopropyl 2-hydroxy atrazine,,desdesiso2hyat,,,,,,,,,,,,,,,,,,,,,,,,,
Herbicides,Atrazine,,FVFVNNKYKYZTJU-UHFFFAOYSA-N,,Desethyl desisopropyl atrazine,,desdesisoat,,,,,,,,,,,,,,,,,,,,,,,,,
Herbicides,Atrazine,,,,Desisopropyl 2-hydroxy atrazine,,desiso2hyat,,,,,,,,,,,,,,,,,,,,,,,,,
Herbicides,Atrazine,CHEBI:27399,,1007-28-9,Desisopropyl atrazine,,desisoat,,,,,,,,,,,,,,,,,,,,,,,,,
Pesticides,"(NE)-N-[3-[(2-chloro-1,3-thiazol-5-yl)methyl]-5-methyl-1,3,5-oxadiazinan-4-ylidene]nitramide",,JDTUGRDKAOPKRI-UHFFFAOYSA-N,,Desnitro-thiamethoxam,Thiamethoxam-desnitro,thiamethdesnitro,,,,,,,,,,,,,,,,,,,,,,,,,
Flame retardants,Tri-n-butyl phosphate,CHEBI:166473,,107-66-4,Di-n-butyl phosphate,DnBP,dnbphr,,,,,,,,,,,,,,,,,,,,,,,,,
Phthalates,,CHEBI:34687,,84-74-2,Di-n-butyl phthalate,DnBP,dnbpht,,,,,,,,,,,,,,,,,,,,,,,,,
Mycotoxins,Diacetoxyscirpenol,CHEBI:4478,,2270-40-8,Diacetoxyscirpenol,DAS,das,,,,,,,,,,,,,,,,,,,,,,,,,
Pesticides,,CHEBI:16648,,,Dialkyl phosphate,,dap,,,,,,,,,,,,,,,,,,,,,,,,,
Polycyclic Aromatic Hydrocarbons (PAHs),"Dibenzo[a,e]pyrene",CHEBI:82442,,192-65-4,"Dibenzo[a,e]pyrene",DBaeP,dbaep,,,,,,,,,,,,,,,,,,,,,,,,,
Polycyclic Aromatic Hydrocarbons (PAHs),"Dibenzo[a,h]anthracene",CHEBI:35299,,53-70-3,"Dibenzo[a,h]anthracene",DBahA,dbaha,,,,,,,,,,,,,,,,,,,,,,,,,
Polycyclic Aromatic Hydrocarbons (PAHs),"Dibenzo[a,i]pyrene",CHEBI:82314,,189-55-9,"Dibenzo[a,i]pyrene",DBaiP,dbaip,,,,,,,,,,,,,,,,,,,,,,,,,
Polycyclic Aromatic Hydrocarbons (PAHs),"Dibenzo[a,l]pyrene",CHEBI:35861,,191-30-0,"Dibenzo[a,l]pyrene",DBalP,dbalp,,,,,,,,,,,,,,,,,,,,,,,,,
Pesticides,,,AYOHIQLKSOJJQH-UHFFFAOYSA-N,,Dibutyltin,DBT,dbt,,,,,,,,,,,,,,,,,,,,,,,,,
Pesticides;Organochlorine compounds (OCs),Dichlorodiphenyltrichloroethane,CHEBI:16598,,72-55-9,Dichlorodiphenyldichloroethylene,"p,p'-DDE",ppdde,,,,,,,,,,,,,,,,,,,,,,,,,
Pesticides;Organochlorine compounds (OCs),Dichlorodiphenyltrichloroethane,CHEBI:16130,,50-29-3,Dichlorodiphenyltrichloroethane,"p,p'-DDT",ppddt,,,,,,,,,,,,,,,,,,,,,,,,,
Pesticides,,CHEBI:34696,,60-57-1,Dieldrin,dieldrin,dieldrin,,,,,,,,,,,,,,,,,,,,,,,,,
Pesticides,Chlorpyrifos (and other diethyl organophosphate insecticides),CHEBI:27708,,598-02-7,Diethyl phosphate,DEP,dep,,,,,,,,,,,,,,,,,,,,,,,,,
Phthalates,,CHEBI:34698,,84-66-2,Diethyl phthalate,DEP,depht,,,,,,,,,,,,,,,,,,,,,,,,,
Pesticides,Chlorpyrifos (and other diethyl organophosphate insecticides),CHEBI:156216,,,Diethyl thiophosphate,DETP,detp,,,,,,,,,,,,,,,,,,,,,,,,,
Pesticides,Chlorpyrifos (and other diethyl organophosphate insecticides),CHEBI:166464,,,Diethyldithiophosphate,DEDTP,dedtp,,,,,,,,,,,,,,,,,,,,,,,,,
Pesticides,"1-[[2-[2-chloro-4-(4-chlorophenoxy)phenyl]-4-methyl-1,3-dioxolan-2-yl]methyl]-1,2,4-triazole",,HCYKJGWQCCFTNV-UHFFFAOYSA-N,,Difenoconazole CGA205374,Difenoconazole CGA-205374,difenoconcga,,,,,,,,,,,,,,,,,,,,,,,,,
Pesticides,,,NBYSKMWDHCZSIP-UHFFFAOYSA-N,,Difenoconazole CGA205375,Difenoconazole CGA-205375,difenoconazolecga,,,,,,,,,,,,,,,,,,,,,,,,,
Phthalates,,CHEBI:79053,,84-69-5,Diisobutyl phthalate,,dibp,,,,,,,,,,,,,,,,,,,,,,,,,
Pesticides,Chlorpyrifos-methyl (and other dimethyl organophosphate insecticides);Dimethoate,CHEBI:189748,,,Dimethyl dithiophosphate,DMDTP,dmdtp,,,,,,,,,,,,,,,,,,,,,,,,,
Pesticides,Chlorpyrifos-methyl (and other dimethyl organophosphate insecticides);Dimethoate,CHEBI:166474,,813-78-5,Dimethyl phosphate,DMP,dmp,,,,,,,,,,,,,,,,,,,,,,,,,
Pesticides,Chlorpyrifos-methyl (and other dimethyl organophosphate insecticides);Dimethoate,,WWJJVKAEQGGYHJ-UHFFFAOYSA-N,,Dimethyl thiophosphate,DMTP,dmtp,,,,,,,,,,,,,,,,,,,,,,,,,
Metals,Arsenic,,OGGXGZAMXPVRFZ-UHFFFAOYSA-N,,Dimethylarsinic,DMA,dma,,,,,,,,,,,,,,,,,,,,,,,,,
Pesticides,,,HGQSXVKHVMGQRG-UHFFFAOYSA-N,,Dioctyltin,DOT,dot,,,,,,,,,,,,,,,,,,,,,,,,,
Phthalates;Flame retardants,Triphenyl phosphate,CHEBI:166468,,838-85-7,Diphenyl phosphate,DPHP,dphpms,,,,,,,,,,,,,,,,,,,,,,,,,
Pesticides,,,KUCPUSUXIGWHFB-UHFFFAOYSA-N,,Diphenyltin,DPhT,dpht,,,,,,,,,,,,,,,,,,,,,,,,,
Pesticides,,CHEBI:81526,,72-20-8,Endrin,endrin,endrin,,,,,,,,,,,,,,,,,,,,,,,,,
Steroid/Sex hormones,,CHEBI:16469,,50-28-2,Estradiol,,e2,,,,,,,,,,,,,,,,,,,,,,,,,
Glycol ethers,2-(2-ethoxyethoxy)ethanol,CHEBI:131424,,7743-94-4,Ethoxyethoxyacetic acid,EEAA,eeaa,,,,,,,,,,,,,,,,,,,,,,,,,
Pesticides (carbamate),Ethylenebisdithiocarbamates,CHEBI:34750,,96-45-7,Ethylenethiourea,ETU,etu,,,,,,,,,,,,,,,,,,,,,,,,,
Parabens,Ethyl 4-hydroxybenzoate,CHEBI:31575,,120-47-8,Ethylparaben,EtP,etpar,,,,,,,,,,,,,,,,,,,,,,,,,
Pesticides,,,IAJWDDOJYUXIHE-UHFFFAOYSA-N,,Ethyltriphenyltin,TPhT,tpht,,,,,,,,,,,,,,,,,,,,,,,,,
Pesticides,Fipronil,CHEBI:5063,,,Fipronil,,fipronil,,,,,,,,,,,,,,,,,,,,,,,,,
Pesticides,Fipronil,CHEBI:83487,,120068-36-2,Fipronil sulfone,,fipsul,,,,,,,,,,,,,,,,,,,,,,,,,
Polycyclic Aromatic Hydrocarbons (PAHs),,,,,"Measured Sum of 1-, 2-, 3-, 4- and 9- hydroxyphenanthrenes",Measured 1 + 2 + 3 + 4 + 9-PHEN,fivehphe,,,,,,,,,,,,,,,,,,,,,,,,,
Pesticides,N-[2-[3-chloro-5-(trifluoromethyl)pyridin-2-yl]ethyl]-2-(trifluoromethyl)benzamide,,QBAYIBZITZBSFO-UHFFFAOYSA-N,,Fluopyram benzamide,Fluopyram benzamide,fluopyramben,,,,,,,,,,,,,,,,,,,,,,,,,
Polycyclic Aromatic Hydrocarbons (PAHs),Fluoranthene,CHEBI:33083,,206-44-0,Fluoranthene,FLA,fla,,,,,,,,,,,,,,,,,,,,,,,,,
Polycyclic Aromatic Hydrocarbons (PAHs),Fluorene,CHEBI:28266,,86-73-7,Fluorene,FLUO,fluo,,,,,,,,,,,,,,,,,,,,,,,,,
Steroid/Sex hormones,,,ZDRRIRUAESZNIH-UHFFFAOYSA-N,,Follicle-stimulating hormone,FSH,fsh,,,,,,,,,,,,,,,,,,,,,,,,,
Mycotoxins,Fumonisin B1,CHEBI:38221,,116355-83-0,Fumonisin B1,FB1,fbone,,,,,,,,,,,,,,,,,,,,,,,,,
Mycotoxins,Fumonisin B2,CHEBI:38225,,116355-84-1,Fumonisin B2,FB2,fbtwo,,,,,,,,,,,,,,,,,,,,,,,,,
Mycotoxins,Fumonisin B3,CHEBI:169172,,136379-59-4,Fumonisin B3,FB3,fbthree,,,,,,,,,,,,,,,,,,,,,,,,,
Mycotoxins,Fusarenon-X,CHEBI:82577,,23255-69-8,Fusarenon-X,FUS-X,fusx,,,,,,,,,,,,,,,,,,,,,,,,,
Musks,,CHEBI:83784,,1222-05-5,Galaxolide,,galax,,,,,,,,,,,,,,,,,,,,,,,,,
Metals,,CHEBI:49631,,,Gallium,Ga,ga,,,,,,,,,,,,,,,,,,,,,,,,,
Liver function,,CHEBI:27694,,56488-60-9,Gamma-GT,,gammagt,,,,,,,,,,,,,,,,,,,,,,,,,
Pesticides;Organochlorine compounds (OCs),Hexachlorocyclohexane,,,,Gamma-hexachlorocyclohexane,,ghch,,,,,,,,,,,,,,,,,,,,,,,,,
Lab markers for cardiometabolic health and metabolic diseases,,CHEBI:17234,,,Glucose,,glucose,,,,,,,,,,,,,,,,,,,,,,,,,
Pesticides,Glyphosate,CHEBI:27744,,1071-83-6,Glyphosate,GLY,glyp,,,,,,,,,,,,,,,,,,,,,,,,,
Metals,,CHEBI:29287,,7440-57-5,Gold,Au,au,,,,,,,,,,,,,,,,,,,,,,,,,
Metals,,CHEBI:33343,,7440-58-6,Hafnium,Hf,hf,,,,,,,,,,,,,,,,,,,,,,,,,
Blood and blood composition,,,INGWEZCOABYORO-UHFFFAOYSA-N,,Hemoglobin,,hb,,,,,,,,,,,,,,,,,,,,,,,,,
Pesticides,,CHEBI:34785,,76-44-8,Heptachlor,HEPTACHLOR,heptachlor,,,,,,,,,,,,,,,,,,,,,,,,,
Pesticides,,,ZXFXBSWRVIQKOD-UOFFAGTMSA-N,,Heptachlor exo-epoxide (cis),,cishepexepo,,,,,,,,,,,,,,,,,,,,,,,,,
Pesticides,,,ZXFXBSWRVIQKOD-WOBUKFROSA-N,,Heptachlor exo-epoxide (trans),,transhepexepo,,,,,,,,,,,,,,,,,,,,,,,,,
Parabens,,CHEBI:34788,,1085-12-7,Heptylparaben,heptylP,hepip,,,,,,,,,,,,,,,,,,,,,,,,,
Flame retardants,Hexabromobenzene,,CAYGQBVSOZLICD-UHFFFAOYSA-N,,Hexabromobenzene,HBB,hbb,,,,,,,,,,,,,,,,,,,,,,,,,
Flame retardants,Hexabromobiphenyl,,,,Hexabromobiphenyl,PBB-153,pbb153,,,,,,,,,,,,,,,,,,,,,,,,,
Flame retardants,Hexabromocyclododecane alpha,,DEIGXXQKDWULML-PQTSNVLCSA-N,,Hexabromocyclododecane alpha,HBCDα,hbcda,,,,,,,,,,,,,,,,,,,,,,,,,
Flame retardants,Hexabromocyclododecane beta,,DEIGXXQKDWULML-UFVWWTPHSA-N,,Hexabromocyclododecane beta,HBCDβ,hbcdb,,,,,,,,,,,,,,,,,,,,,,,,,
Flame retardants,Hexabromocyclododecane gamma,,DEIGXXQKDWULML-MOCCIAMBSA-N,,Hexabromocyclododecane gamma,HBCDγ,hbcdg,,,,,,,,,,,,,,,,,,,,,,,,,
Pesticides;Organochlorine compounds (OCs),,CHEBI:5692,,118-74-1,Hexachlorobenzene,HCB,hcb,,,,,,,,,,,,,,,,,,,,,,,,,
Flame retardants,Hexachlorocyclopentadienyl-dibromocyclooctane,,OZQOUGTVRWVFRK-UHFFFAOYSA-N,,Hexachlorocyclopentadienyl-dibromocyclooctane,HCDBCO,hcdbco,,,,,,,,,,,,,,,,,,,,,,,,,
Metals,Chromium,CHEBI:33007,,18540-29-9,Hexavalent chromium,Cr VI,crsix,,,,,,,,,,,,,,,,,,,,,,,,,
UV-filters (benzophenones),,CHEBI:91642,,118-56-9,Homosalate,,hosa,,,,,,,,,,,,,,,,,,,,,,,,,
Mycotoxins,HT-2 Toxin,CHEBI:138861,,26934-87-2,HT-2 Toxin,HT-2,httwo,,,,,,,,,,,,,,,,,,,,,,,,,
Mycotoxins,Fumonisin B1,,,,Hydrolysed-fumonisin B1,HFB1,hfbone,,,,,,,,,,,,,,,,,,,,,,,,,
Organochlorine compounds (OCs),,,,,Hydroxylated Polychlorinated biphenyl 107,,hocb107,,,,,,,,,,,,,,,,,,,,,,,,,
Organochlorine compounds (OCs),,,,,Hydroxylated Polychlorinated biphenyl 146,,hocb146,,,,,,,,,,,,,,,,,,,,,,,,,
Organochlorine compounds (OCs),,,,,Hydroxylated Polychlorinated biphenyl 187,,hocb187,,,,,,,,,,,,,,,,,,,,,,,,,
Flame retardants,Triphenyl phosphate,,NOPNBQOZUKISRP-UHFFFAOYSA-N,,Hydroxyphenyl diphenyl phosphate,HO-TPHP,ohtphp,,,,,,,,,,,,,,,,,,,,,,,,,
Metals,,,,,Arsenic(III) acid + Arsenic(V) acid,As(III) + As(V),ias,,,,,,,,,,,,,,,,,,,,,,,,,
Inflammation and immunity,,CHEBI:62462,,3373-53-3,IgA,,iga,,,,,,,,,,,,,,,,,,,,,,,,,
Inflammation and immunity,,,NWLUZGJDEZBBRH-UHFFFAOYSA-N,,IgE,,ige,,,,,,,,,,,,,,,,,,,,,,,,,
Inflammation and immunity,,,VSLIZFRORGVSOU-UHFFFAOYSA-N,,IgM,,igm,,,,,,,,,,,,,,,,,,,,,,,,,
Pesticides,Imidacloprid,,YWTYJOPNNQFBPC-UHFFFAOYSA-N,,Imidacloprid,Imidacloprid,imidacloprid,,,,,,,,,,,,,,,,,,,,,,,,,
Pesticides,Imidacloprid,,MATMQDMQFSFQHB-UHFFFAOYSA-N,,Imidacloprid-5-OH,Imidacloprid-5-OH,imidacloprid5oh,,,,,,,,,,,,,,,,,,,,,,,,,
Pesticides,Imidacloprid,,UEQZFAGVRGWPDK-UHFFFAOYSA-N,,Imidacloprid desnitro,Imidacloprid desnitro,desnitroimidacloprid,,,,,,,,,,,,,,,,,,,,,,,,,
Pesticides,Imidacloprid,,TYLCDJYHUVCRBH-UHFFFAOYSA-N,,Imidacloprid olefin,Imidacloprid olefin,imidaclopridolefin,,,,,,,,,,,,,,,,,,,,,,,,,
Polycyclic Aromatic Hydrocarbons (PAHs),"Indeno[1,2,3-cd]pyrene",CHEBI:82335,,193-39-5,"Indeno[1,2,3-cd]pyrene",IP,ip,,,,,,,,,,,,,,,,,,,,,,,,,
Metabolic hormones,,CHEBI:145810,,,Insulin,,insulin,,,,,,,,,,,,,,,,,,,,,,,,,
Inflammation and immunity;Cytokines,,,XKTZWUACRZHVAN-VADRZIEHSA-N,,Interleukin 8,IL-8,il8,,,,,,,,,,,,,,,,,,,,,,,,,
Essential elements,,CHEBI:24859,,,Iodium,,iod,,,,,,,,,,,,,,,,,,,,,,,,,
Metals,,CHEBI:49666,,,Iridium,Ir,ir,,,,,,,,,,,,,,,,,,,,,,,,,
Metals,,CHEBI:18248,,7439-89-6,Iron,Fe,fe,,,,,,,,,,,,,,,,,,,,,,,,,
Parabens,,CHEBI:178256,,4247-02-3,Iso-butylparaben,isobutylP,isobip,,,,,,,,,,,,,,,,,,,,,,,,,
UV-filters (benzophenones),,CHEBI:135982,,71617-10-2,Isoamyl p-methoxycinnamate,,imz,,,,,,,,,,,,,,,,,,,,,,,,,
Parabens,,CHEBI:179285,,4191-73-5,Isopropylparaben,,iproppar,,,,,,,,,,,,,,,,,,,,,,,,,
Metals,Lead,CHEBI:25016,,,Lead,Pb,pb,,,,,,,,,,,,,,,,,,,,,,,,,
Metabolic hormones,,,NRYBAZVQPHGZNS-ZSOCWYAHSA-N,,Leptin,,leptin,,,,,,,,,,,,,,,,,,,,,,,,,
Per-/poly-fluorinated compounds (PFASs),,,,,Linear + branched 2-(N-Methylperfluorooctanesulfonamido)acetic acid,L+B MePFOSAA,lbnmepfosaa,,,,,,,,,,,,,,,,,,,,,,,,,
Per-/poly-fluorinated compounds (PFASs),,,,,Linear + branched N-ethyl-perfluorooctane sulfonamidoacetate,L+B EtPFOSAA,lbetpfosaa,,,,,,,,,,,,,,,,,,,,,,,,,
Per-/poly-fluorinated compounds (PFASs),,,,,Linear + branched N-Ethylperfluoro-1-octanesulphonamide,L+B EtPFOSA,lbnetpfosa,,,,,,,,,,,,,,,,,,,,,,,,,
Per-/poly-fluorinated compounds (PFASs),,,,,Linear + branched N-Methylperfluoro-1 octanesulphonamide,L+B MePFOSA,lbnmepfosa,,,,,,,,,,,,,,,,,,,,,,,,,
Per-/poly-fluorinated compounds (PFASs),,,,,Linear + branched Perfluoro-1-octaperfluoro-1-octanesulphonamide,L+B PFOSA,lbpfosa,,,,,,,,,,,,,,,,,,,,,,,,,
Per-/poly-fluorinated compounds (PFASs),,,,,Linear + branched Perfluorobutane sulfonic acid,L+B PFBS,lbpfbs,,,,,,,,,,,,,,,,,,,,,,,,,
Per-/poly-fluorinated compounds (PFASs),,,,,Linear + branched Perfluorodecane sulfonic acid,L+B PFDS,lbpfds,,,,,,,,,,,,,,,,,,,,,,,,,
Per-/poly-fluorinated compounds (PFASs),,,,,Linear + branched Perfluorodecanoic acid,L+B PFDA,lbpfda,,,,,,,,,,,,,,,,,,,,,,,,,
Per-/poly-fluorinated compounds (PFASs),,,,,Linear + branched Perfluorododecanoic acid,L+B PFDoDA,lbpfdoda,,,,,,,,,,,,,,,,,,,,,,,,,
Per-/poly-fluorinated compounds (PFASs),,,,,Linear + branched Perfluoroheptane sulfonic acid,L+B PFHpS,lbpfhps,,,,,,,,,,,,,,,,,,,,,,,,,
Per-/poly-fluorinated compounds (PFASs),,,,,Linear + branched Perfluoroheptanoic acid,L+B PFHpA,lbpfhpa,,,,,,,,,,,,,,,,,,,,,,,,,
Per-/poly-fluorinated compounds (PFASs),,,,,Linear + branched Perfluorohexane sulfonic acid,L+B PFHxS,lbpfhxs,,,,,,,,,,,,,,,,,,,,,,,,,
Per-/poly-fluorinated compounds (PFASs),,,,,Linear + branched Perfluorohexanoic acid,L+B PFHxA,lbpfhxa,,,,,,,,,,,,,,,,,,,,,,,,,
Per-/poly-fluorinated compounds (PFASs),,,,,Linear + branched Perfluorononanoic acid,L+B PFNA,lbpfna,,,,,,,,,,,,,,,,,,,,,,,,,
Per-/poly-fluorinated compounds (PFASs),,,,,Linear + branched Perfluorooctane sulfonic acid,L+B PFOS,lbpfos,,,,,,,,,,,,,,,,,,,,,,,,,
Per-/poly-fluorinated compounds (PFASs),,,,,Linear + branched Perfluorooctanoic acid,L+B PFOA,lbpfoa,,,,,,,,,,,,,,,,,,,,,,,,,
Per-/poly-fluorinated compounds (PFASs),,,,,Linear + branched Perfluoropentanoic acid,L+B PFPeA,lbpfpea,,,,,,,,,,,,,,,,,,,,,,,,,
Per-/poly-fluorinated compounds (PFASs),,,,,Linear + branched Perfluorotetradecanoic acid,L+B PFTeDA,lbpfteda,,,,,,,,,,,,,,,,,,,,,,,,,
Per-/poly-fluorinated compounds (PFASs),,,,,Linear + branched Perfluorotridecanoic acid,L+B PFTrDA,lbpftrda,,,,,,,,,,,,,,,,,,,,,,,,,
Per-/poly-fluorinated compounds (PFASs),,,,,Linear + branched Perfluoroundecanoic acid,L+B PFUnDA,lbpfunda,,,,,,,,,,,,,,,,,,,,,,,,,
Per-/poly-fluorinated compounds (PFASs),Linear 11-chloroeicosafluoro-3-oxaundecane-1-sulfonic acid,,SZVGIJOITCPDPM-UHFFFAOYSA-N,763051-92-9,Linear 11-chloroeicosafluoro-3-oxaundecane-1-sulfonic acid,11Cl-PF3OUdS,pfouds,,,,,,,,,,,,,,,,,,,,,,,,,
Per-/poly-fluorinated compounds (PFASs),"Linear 1H,1H,2H,2H-Perfluorodecanesulfonic acid",,ALVYVCQIFHTIRD-UHFFFAOYSA-N,,"Linear 1H,1H,2H,2H-Perfluorodecanesulfonic acid",8:2 FTS,eightfts,,,,,,,,,,,,,,,,,,,,,,,,,
Per-/poly-fluorinated compounds (PFASs),"Linear 1H,1H,2H,2H-Perfluorohexanesulfonic acid",,TXGIGTRUEITPSC-UHFFFAOYSA-N,,"Linear 1H,1H,2H,2H-Perfluorohexanesulfonic acid",4:2 FTS,fourfts,,,,,,,,,,,,,,,,,,,,,,,,,
Per-/poly-fluorinated compounds (PFASs),"Linear 2-(6-Chlorododecafluorohexyloxy)-1,1,2,2-tetrafluoroethanesulfonic acid potassium salt",,OWQCHLFKOGVODW-UHFFFAOYSA-M,,"Linear 2-(6-Chlorododecafluorohexyloxy)-1,1,2,2-tetrafluoroethanesulfonic acid potassium salt",6:2 Cl-PFESA,pfesa,,,,,,,,,,,,,,,,,,,,,,,,,
Per-/poly-fluorinated compounds (PFASs),Linear 2-(N-Methylperfluorooctanesulfonamido)acetic acid,CHEBI:83506,QNDHIRFIMVNHBN-UHFFFAOYSA-N,2355-31-9,Linear 2-(N-Methylperfluorooctanesulfonamido)acetic acid,MePFOSAA,mepfosaa,,,,,,,,,,,,,,,,,,,,,,,,,
Per-/poly-fluorinated compounds (PFASs),"Linear 2,2,3-trifluoro-3-[1,1,2,2,3,3-hexafluoro-3-(trifluoromethoxy)propoxy]propanoic acid",,CZAQGZRWPZOAEM-UHFFFAOYSA-N,919005-14-4,"Linear 2,2,3-trifluoro-3-[1,1,2,2,3,3-hexafluoro-3-(trifluoromethoxy)propoxy]propanoic acid",ADONA,dona,,,,,,,,,,,,,,,,,,,,,,,,,
Per-/poly-fluorinated compounds (PFASs),"Linear 3,3,4,4,5,5,6,6,7,7,8,8,8-tridecafluorooctanesulphonic acid",,VIONGDJUYAYOPU-UHFFFAOYSA-N,,"Linear 3,3,4,4,5,5,6,6,7,7,8,8,8-tridecafluorooctanesulphonic acid",6:2 FTS,sixfts,,,,,,,,,,,,,,,,,,,,,,,,,
Per-/poly-fluorinated compounds (PFASs),Linear 6:2 polyfluoroalkyl phosphoric acid diesters,,ZDYYWMSLMLTXDM-UHFFFAOYSA-N,,Linear 6:2 polyfluoroalkyl phosphoric acid diesters,6:2 diPAP,sixdipap,,,,,,,,,,,,,,,,,,,,,,,,,
Per-/poly-fluorinated compounds (PFASs),Linear 6:2 polyfluoroalkyl phosphoric acid monoesters,,FZTRDYSPWWJCOF-UHFFFAOYSA-N,,Linear 6:2 polyfluoroalkyl phosphoric acid monoesters,6:2 monoPAP,sixmonopap,,,,,,,,,,,,,,,,,,,,,,,,,
Per-/poly-fluorinated compounds (PFASs),Linear 6:2/8:2 Fluorotelomer phosphate diester,,KHLRYLUKBJEYFH-UHFFFAOYSA-N,,Linear 6:2/8:2 Fluorotelomer phosphate diester,6:2/8:2 diPAP,sixeightdipap,,,,,,,,,,,,,,,,,,,,,,,,,
Per-/poly-fluorinated compounds (PFASs),Linear 8:2 polyfluoroalkyl phosphoric acid diesters,,AFWOYEYXUDHGHF-UHFFFAOYSA-N,,Linear 8:2 polyfluoroalkyl phosphoric acid diesters,8:2 diPAP,eightdipap,,,,,,,,,,,,,,,,,,,,,,,,,
Per-/poly-fluorinated compounds (PFASs),Linear 8:2 polyfluoroalkyl phosphoric acid monoesters,,MIABSAQIFYEDJP-UHFFFAOYSA-N,,Linear 8:2 polyfluoroalkyl phosphoric acid monoesters,8:2 monoPAP,eightmonopap,,,,,,,,,,,,,,,,,,,,,,,,,
Per-/poly-fluorinated compounds (PFASs),Linear 9-chlorohexadecafluoro-3-oxanone-1-sulfonic acid,,GGOUUEMCWBTDMT-UHFFFAOYSA-N,756426-58-1,Linear 9-chlorohexadecafluoro-3-oxanone-1-sulfonic acid,9Cl-PF3ONS,pfons,,,,,,,,,,,,,,,,,,,,,,,,,
Per-/poly-fluorinated compounds (PFASs),Linear Fluorotelomer sulfonic acid 10:2,,AJMAYLFJZQYRHN-UHFFFAOYSA-N,120226-60-0,Linear Fluorotelomer sulfonic acid 10:2,10:2 FTS,tenfts,,,,,,,,,,,,,,,,,,,,,,,,,
Per-/poly-fluorinated compounds (PFASs),Linear Hexafluoropropylene Oxide Dimer Acid,CHEBI:143205,,13252-13-6,Linear Hexafluoropropylene Oxide Dimer Acid,HFPO-DA,hfpoda,,,,,,,,,,,,,,,,,,,,,,,,,
Per-/poly-fluorinated compounds (PFASs),Linear N-(Methyl)nonafluorobutanesulfonamide,,GFZPUWKGPNHWHD-UHFFFAOYSA-N,,Linear N-(Methyl)nonafluorobutanesulfonamide,MePFBSA,mepfbsa,,,,,,,,,,,,,,,,,,,,,,,,,
Per-/poly-fluorinated compounds (PFASs),Linear N-ethyl-perfluorooctane sulfonamidoacetate,,CKRXVVGETMYFIO-UHFFFAOYSA-N,,Linear N-ethyl-perfluorooctane sulfonamidoacetate,EtPFOSAA,etfosaa,,,,,,,,,,,,,,,,,,,,,,,,,
Per-/poly-fluorinated compounds (PFASs),Linear N-Ethyl-perfluorooctane sulphonamidoethanol,,HUFHNYZNTFSKCT-UHFFFAOYSA-N,,Linear N-Ethyl-perfluorooctane sulphonamidoethanol,EtPFOSE,etfose,,,,,,,,,,,,,,,,,,,,,,,,,
Per-/poly-fluorinated compounds (PFASs),Linear N-Ethylperfluoro-1-octanesulphonamide,,CCEKAJIANROZEO-UHFFFAOYSA-N,,Linear N-Ethylperfluoro-1-octanesulphonamide,EtPFOSA,netfosa,,,,,,,,,,,,,,,,,,,,,,,,,
Per-/poly-fluorinated compounds (PFASs),Linear N-Methylperfluoro-1 octanesulphonamide,,SRMWNTGHXHOWBT-UHFFFAOYSA-N,,Linear N-Methylperfluoro-1 octanesulphonamide,MePFOSA,nmefosa,,,,,,,,,,,,,,,,,,,,,,,,,
Per-/poly-fluorinated compounds (PFASs),Linear Perfluorbutanesulfonylamide(N-methyl)acetate,,SKGBGOQHXBAKKO-UHFFFAOYSA-N,159381-10-9,Linear Perfluorbutanesulfonylamide(N-methyl)acetate,MePFBSAA,mepfbsaa,,,,,,,,,,,,,,,,,,,,,,,,,
Per-/poly-fluorinated compounds (PFASs),Linear Perfluoro-1-octaperfluoro-1-octanesulphonamide,,RRRXPPIDPYTNJG-UHFFFAOYSA-N,,Linear Perfluoro-1-octaperfluoro-1-octanesulphonamide,PFOSA,fosa,,,,,,,,,,,,,,,,,,,,,,,,,
Per-/poly-fluorinated compounds (PFASs),"Linear Perfluoro-3,6-dioxaheptanoic acid",,PPWRLPJIHGWGFH-UHFFFAOYSA-N,,"Linear Perfluoro-3,6-dioxaheptanoic acid",NFDHA,nfdha,,,,,,,,,,,,,,,,,,,,,,,,,
Per-/poly-fluorinated compounds (PFASs),Linear Perfluoro-4-ethylcyclohexane sulfonic acid,,ICKAEAFPESRWOT-UHFFFAOYSA-N,,Linear Perfluoro-4-ethylcyclohexane sulfonic acid,PFECHS,pfechs,,,,,,,,,,,,,,,,,,,,,,,,,
Per-/poly-fluorinated compounds (PFASs),Linear Perfluoro-4-methoxypropanoic acid,,AGIMOOYNBDLMJV-UHFFFAOYSA-N,,Linear Perfluoro-4-methoxypropanoic acid,PFMPA,pfmpa,,,,,,,,,,,,,,,,,,,,,,,,,
Per-/poly-fluorinated compounds (PFASs),Linear Perfluoro-5-methoxybutanoic acid,,CZTBTZZANBJSLY-UHFFFAOYSA-N,,Linear Perfluoro-5-methoxybutanoic acid,PFMBA,pfmba,,,,,,,,,,,,,,,,,,,,,,,,,
Per-/poly-fluorinated compounds (PFASs),Linear Perfluoro-n-propanesulfonic acid,,XBWQFDNGNOOMDZ-UHFFFAOYSA-N,,Linear Perfluoro-n-propanesulfonic acid,PFPrS,pfprs,,,,,,,,,,,,,,,,,,,,,,,,,
Per-/poly-fluorinated compounds (PFASs),Linear Perfluoro-n-propanoic acid,,CVNLJCBQMJOXDW-UHFFFAOYSA-N,,Linear Perfluoro-n-propanoic acid,PFPrA,pfpra,,,,,,,,,,,,,,,,,,,,,,,,,
Per-/poly-fluorinated compounds (PFASs),Linear Perfluorobutane sulfonic acid,CHEBI:132446,,375-73-5,Linear Perfluorobutane sulfonic acid,PFBS,pfbs,,,,,,,,,,,,,,,,,,,,,,,,,
Per-/poly-fluorinated compounds (PFASs),Linear Perfluorobutanoic acid,CHEBI:39426,,375-22-4,Linear Perfluorobutanoic acid,PFBA,pfba,,,,,,,,,,,,,,,,,,,,,,,,,
Per-/poly-fluorinated compounds (PFASs),Linear Perfluorobutylsulphonamide,,FUVKFLJWBHVMHX-UHFFFAOYSA-N,,Linear Perfluorobutylsulphonamide,PFBSA,pfbsa,,,,,,,,,,,,,,,,,,,,,,,,,
Per-/poly-fluorinated compounds (PFASs),Linear Perfluorodecane sulfonic acid,,HYWZIAVPBSTISZ-UHFFFAOYSA-N,,Linear Perfluorodecane sulfonic acid,PFDS,pfds,,,,,,,,,,,,,,,,,,,,,,,,,
Per-/poly-fluorinated compounds (PFASs),Linear Perfluorodecanoic acid,CHEBI:35546,,335-76-2,Linear Perfluorodecanoic acid,PFDA,pfda,,,,,,,,,,,,,,,,,,,,,,,,,
Per-/poly-fluorinated compounds (PFASs),Linear Perfluorodecylphosphonic acid,,CTGNCBOZEMOASL-UHFFFAOYSA-N,,Linear Perfluorodecylphosphonic acid,PFDPA,pfdpa,,,,,,,,,,,,,,,,,,,,,,,,,
Per-/poly-fluorinated compounds (PFASs),Linear Perfluorododecane sulfonic acid,,CFCRODHVHXGTPC-UHFFFAOYSA-N,,Linear Perfluorododecane sulfonic acid,PFDoDS,pfdods,,,,,,,,,,,,,,,,,,,,,,,,,
Per-/poly-fluorinated compounds (PFASs),Linear Perfluorododecanoic acid,CHEBI:90633,,307-55-1,Linear Perfluorododecanoic acid,PFDoDA,pfdoda,,,,,,,,,,,,,,,,,,,,,,,,,
Per-/poly-fluorinated compounds (PFASs),Linear Perfluoroheptane sulfonic acid,,OYGQVDSRYXATEL-UHFFFAOYSA-N,,Linear Perfluoroheptane sulfonic acid,PFHpS,pfhps,,,,,,,,,,,,,,,,,,,,,,,,,
Per-/poly-fluorinated compounds (PFASs),Linear Perfluoroheptanoic acid,CHEBI:35547,,375-85-9,Linear Perfluoroheptanoic acid,PFHpA,pfhpa,,,,,,,,,,,,,,,,,,,,,,,,,
Per-/poly-fluorinated compounds (PFASs),Linear Perfluorohexadecanoic acid,,OJMBMWRMTMHMSZ-UHFFFAOYSA-N,,Linear Perfluorohexadecanoic acid,PFHxDA,pfhxda,,,,,,,,,,,,,,,,,,,,,,,,,
Per-/poly-fluorinated compounds (PFASs),Linear Perfluorohexane sulfonic acid,CHEBI:132448,,355-46-4,Linear Perfluorohexane sulfonic acid,L-PFHxS,pfhxs,,,,,,,,,,,,,,,,,,,,,,,,,
Per-/poly-fluorinated compounds (PFASs),Linear Perfluorohexanesulfonamide,,WDZLGCSJJWEQJO-UHFFFAOYSA-N,,Linear Perfluorohexanesulfonamide,PFHxSA,pfhxsa,,,,,,,,,,,,,,,,,,,,,,,,,
Per-/poly-fluorinated compounds (PFASs),Linear Perfluorohexanoic acid,CHEBI:83492,,307-24-4,Linear Perfluorohexanoic acid,PFHxA,pfhxa,,,,,,,,,,,,,,,,,,,,,,,,,
Per-/poly-fluorinated compounds (PFASs),Linear Perfluorohexylphosphonic acid,,AGCUFKNHQDVTAD-UHFFFAOYSA-N,,Linear Perfluorohexylphosphonic acid,PFHxPA,pfhxpa,,,,,,,,,,,,,,,,,,,,,,,,,
Per-/poly-fluorinated compounds (PFASs),Linear Perfluorononanesulfonic acid,,MNEXVZFQQPKDHC-UHFFFAOYSA-N,,Linear Perfluorononanesulfonic acid,PFNS,pfns,,,,,,,,,,,,,,,,,,,,,,,,,
Per-/poly-fluorinated compounds (PFASs),Linear Perfluorononanoic acid,CHEBI:38397,,375-95-1,Linear Perfluorononanoic acid,PFNA,pfna,,,,,,,,,,,,,,,,,,,,,,,,,
Per-/poly-fluorinated compounds (PFASs),Linear Perfluorooctadecanoic acid,,ZTSDOGSKTICNPQ-UHFFFAOYSA-N,,Linear Perfluorooctadecanoic acid,PFODA,pfoda,,,,,,,,,,,,,,,,,,,,,,,,,
Per-/poly-fluorinated compounds (PFASs),Linear Perfluorooctane sulfonic acid,CHEBI:39421,,1763-23-1,Linear Perfluorooctane sulfonic acid,L-PFOS,pfos,,,,,,,,,,,,,,,,,,,,,,,,,
Per-/poly-fluorinated compounds (PFASs),Linear Perfluorooctanesulfonamido acetic acid,,AYLOUUCBACYHAB-UHFFFAOYSA-N,,Linear Perfluorooctanesulfonamido acetic acid,PFOSAA,pfosaa,,,,,,,,,,,,,,,,,,,,,,,,,
Per-/poly-fluorinated compounds (PFASs),Linear Perfluorooctanoic acid,CHEBI:35549,,335-67-1,Linear Perfluorooctanoic acid,L-PFOA,pfoa,,,,,,,,,,,,,,,,,,,,,,,,,
Per-/poly-fluorinated compounds (PFASs),Linear Perfluorooctylphosphonic acid,,PCEKSCOIHGIBSA-UHFFFAOYSA-M,,Linear Perfluorooctylphosphonic acid,PFOPA,pfopa,,,,,,,,,,,,,,,,,,,,,,,,,
Per-/poly-fluorinated compounds (PFASs),Linear Perfluoropentadecanoic acid,,BJNCSIWIMCWIMS-UHFFFAOYSA-M,,Linear Perfluoropentadecanoic acid,PFPeDA,pfpeda,,,,,,,,,,,,,,,,,,,,,,,,,
Per-/poly-fluorinated compounds (PFASs),Linear Perfluoropentane sulfonate,,ACEKLXZRZOWKRY-UHFFFAOYSA-N,,Linear Perfluoropentane sulfonate,PFPeS,pfpes,,,,,,,,,,,,,,,,,,,,,,,,,
Per-/poly-fluorinated compounds (PFASs),Linear Perfluoropentanoic acid,CHEBI:83491,,2706-90-3,Linear Perfluoropentanoic acid,PFPeA,pfpea,,,,,,,,,,,,,,,,,,,,,,,,,
Per-/poly-fluorinated compounds (PFASs),Linear Perfluorotetradecanoic acid,,RUDINRUXCKIXAJ-UHFFFAOYSA-N,,Linear Perfluorotetradecanoic acid,PFTeDA,pfteda,,,,,,,,,,,,,,,,,,,,,,,,,
Per-/poly-fluorinated compounds (PFASs),Linear Perfluorotridecanesulfonic acid,,JMIXTHMPTMXARZ-UHFFFAOYSA-N,,Linear Perfluorotridecanesulfonic acid,PFTrDS,pftrds,,,,,,,,,,,,,,,,,,,,,,,,,
Per-/poly-fluorinated compounds (PFASs),Linear Perfluorotridecanoic acid,,LVDGGZAZAYHXEY-UHFFFAOYSA-N,,Linear Perfluorotridecanoic acid,PFTrDA,pftrda,,,,,,,,,,,,,,,,,,,,,,,,,
Per-/poly-fluorinated compounds (PFASs),Linear Perfluoroundecanesulfonic acid,,UKHUPOMCGUFNAP-UHFFFAOYSA-N,,Linear Perfluoroundecanesulfonic acid,PFUnDS,pfunds,,,,,,,,,,,,,,,,,,,,,,,,,
Per-/poly-fluorinated compounds (PFASs),Linear Perfluoroundecanoic acid,CHEBI:83493,,2058-94-8,Linear Perfluoroundecanoic acid,PFUnDA,pfunda,,,,,,,,,,,,,,,,,,,,,,,,,
Per-/poly-fluorinated compounds (PFASs),Linear Trifluoroacetic acid,CHEBI:45892,,,Linear Trifluoroacetic acid,TFA,tfa,,,,,,,,,,,,,,,,,,,,,,,,,
Metals,,CHEBI:30145,,7439-93-2,Lithium,Li,li,,,,,,,,,,,,,,,,,,,,,,,,,
Metals,,CHEBI:25107,,7439-95-4,Magnesium,Mg,mg,,,,,,,,,,,,,,,,,,,,,,,,,
Metals,,CHEBI:18291,,7439-96-5,Manganese,Mn,mn,,,,,,,,,,,,,,,,,,,,,,,,,
Volatile Organic Compounds (VOCs),,"CHEBI:28939, CHEBI:22198",,,Mercapturic acid,,ma,,,,,,,,,,,,,,,,,,,,,,,,,
Metals,Mercury,CHEBI:25195,,7439-97-6,Mercury,Hg,hg,,,,,,,,,,,,,,,,,,,,,,,,,
Anilines and MOCA,Meta-Chloroaniline,,PNPCRKVUWYDDST-UHFFFAOYSA-N,,Meta-Chloroaniline,meta-Cha,mcha,,,,,,,,,,,,,,,,,,,,,,,,,
Anilines and MOCA,Meta-Fluoroaniline,CHEBI:27873,,372-19-0,Meta-Fluoroaniline,meta-FA,mfa,,,,,,,,,,,,,,,,,,,,,,,,,
Glycol ethers,2-methoxypropanol,,,,Methoxyproprionic acid,MPA,mpa,,,,,,,,,,,,,,,,,,,,,,,,,
Metals,Methyl mercury,CHEBI:30785,,16056-34-1,Methyl mercury,MeHg,mhg,,,,,,,,,,,,,,,,,,,,,,,,,
Parabens,Methyl 4-hydroxybenzoate,CHEBI:31835,,99-76-3,Methylparaben,,metpar,,,,,,,,,,,,,,,,,,,,,,,,,
Metals,,CHEBI:28685,,7439-98-7,Molybdenum,Mo,mo,,,,,,,,,,,,,,,,,,,,,,,,,
Phthalates,Di(2-propylheptyl) phthalate,,,,Mono-(2-propyl-6-carboxyhexyl) phthalate,cx-MPHP,cxmphp,,,,,,,,,,,,,,,,,,,,,,,,,
Phthalates,Di-n-pentyl phthalate,,,,Mono-(4-hydroxypentyl) phthalate,MHPP,mhpp,,,,,,,,,,,,,,,,,,,,,,,,,
Phthalates,Di-n-hexyl phthalate,,QRHRDZGROXTDDX-UHFFFAOYSA-M,,Mono-(5-carboxy-n-pentyl) phthalate,MCPeP,mcpep,,,,,,,,,,,,,,,,,,,,,,,,,
Phthalates,Di-n-hexyl phthalate,,,,Mono-(5-hydroxyhexyl) phthalate,MHHxP,mhhxp,,,,,,,,,,,,,,,,,,,,,,,,,
Phthalates,Di-n-heptyl phthalate,,,,Mono-(7-carboxy-n-hexyl) phthalate,MCHxP,mchxp,,,,,,,,,,,,,,,,,,,,,,,,,
Phthalates,Butyl benzyl phthalate,CHEBI:132612,,2528-16-7,Mono-benzyl phthalate,MBzP,mbzp,,,,,,,,,,,,,,,,,,,,,,,,,
Phthalates,Dicyclohexyl phthalate,CHEBI:132609,,7517-36-4,Mono-cyclo-hexyl phthalate,MCHP,mchp,,,,,,,,,,,,,,,,,,,,,,,,,
Phthalates,Diethyl phthalate,,YWWHKOHZGJFMIE-UHFFFAOYSA-N,,Mono-ethyl phthalate,MEP,mep,,,,,,,,,,,,,,,,,,,,,,,,,
Phthalates,Di-n-heptyl phthalate,,XNUWLZUVKWYOGR-UHFFFAOYSA-N,,Mono-hydroxyheptyl phthalate,MHHpP,mhhpp,,,,,,,,,,,,,,,,,,,,,,,,,
Phthalates,Di-isopropyl phthalate,,,,Mono-iso-propyl phthalate,MiPrP,miprp,,,,,,,,,,,,,,,,,,,,,,,,,
Phthalates,Di-isobutyl phthalate,CHEBI:90038,,30833-53-5,Mono-isobutyl phthalate,MiBP,mibp,,,,,,,,,,,,,,,,,,,,,,,,,
Phthalates,Di-isopentyl phthalate,,BTUUJXBKBIRHPP-UHFFFAOYSA-N,,Mono-isopentyl phthalate,MiPeP,mipep,,,,,,,,,,,,,,,,,,,,,,,,,
Phthalates,Di-isononyl phthalate,,,,Mono-methyl-octyl phthalate,MiNP,minp,,,,,,,,,,,,,,,,,,,,,,,,,
Phthalates,Dimethyl phthalate,CHEBI:89749,,4376-18-5,Mono-methyl phthalate,MMP,mmp,,,,,,,,,,,,,,,,,,,,,,,,,
Phthalates,Di-n-butyl phthalate,CHEBI:88522,,131-70-4,Mono-n-butyl phthalate,MnBP,mnbp,,,,,,,,,,,,,,,,,,,,,,,,,
Phthalates,Di-n-heptyl phthalate,,NTIWNFLUZQSLDR-UHFFFAOYSA-N,,Mono-n-heptyl phthalate,MnHpP,mnhpp,,,,,,,,,,,,,,,,,,,,,,,,,
Phthalates,Di-n-hexyl phthalate,CHEBI:132604,,24539-57-9,Mono-n-hexyl phthalate,MnHxP,mnhxp,,,,,,,,,,,,,,,,,,,,,,,,,
Phthalates,Di-n-octyl phthalate,CHEBI:132583,,5393-19-1,Mono-n-octyl phthalate,MnOP,mop,,,,,,,,,,,,,,,,,,,,,,,,,
Phthalates,Di-n-pentyl phthalate,CHEBI:132578,,24539-56-8,Mono-n-pentyl phthalate,MnPeP,mnpep,,,,,,,,,,,,,,,,,,,,,,,,,
Phthalates,Di-isodecyl phthalate (all C10 phthalates including DPHP),,ZICLWBMRDQUIDO-UHFFFAOYSA-N,,Mono-propyl-heptyl phthalate,MiDP,midp,,,,,,,,,,,,,,,,,,,,,,,,,
Phthalates,Di-n-propyl phthalate,,NFOQRIXSEYVCJP-UHFFFAOYSA-N,,Mono-propyl phthalate,MnPrP,mprp,,,,,,,,,,,,,,,,,,,,,,,,,
Phthalates,Di(2-ethylhexyl) phthalate,CHEBI:132874,,82975-93-7,Mono(2-carboxymethylhexyl) phthalate,MCMHP,mcmhp,,,,,,,,,,,,,,,,,,,,,,,,,
Phthalates,Di(2-ethylhexyl) phthalate,CHEBI:132611,,40809-41-4,Mono(2-ethyl-5-carboxy-pentyl) phthalate,5cx-MEPP,cxmepp,,,,,,,,,,,,,,,,,,,,,,,,,
Phthalates,Di(2-ethylhexyl) phthalate,,RYPQSGURZSTFSX-UHFFFAOYSA-N,,Mono(2-ethyl-5-hydroxy-hexyl) phthalate,5OH-MEHP,ohmehp,,,,,,,,,,,,,,,,,,,,,,,,,
Phthalates,Di-2-ethylhexyl adipate,,GUWFIYHOYMKEJE-UHFFFAOYSA-N,,Mono(2-ethyl-5-hydroxyhexyl) adipate,OH-MEHA,ohmeha,,,,,,,,,,,,,,,,,,,,,,,,,
Phthalates,Di(2-ethylhexyl) phthalate,CHEBI:132606,,40321-98-0,Mono(2-ethyl-5-oxo-hexyl) phthalate,5oxo-MEHP,oxomehp,,,,,,,,,,,,,,,,,,,,,,,,,
Phthalates,Di-2-ethylhexyl adipate,,XLMWFRRVVDGMRV-UHFFFAOYSA-N,,Mono(2-ethyl-5-oxohexyl) adipate,oxo-MEHA,oxomeha,,,,,,,,,,,,,,,,,,,,,,,,,
Phthalates,Di-2-ethylhexyl adipate,,MBGYSHXGENGTBP-UHFFFAOYSA-N,,Mono(2-ethylhexyl) adipate,MEHA,meha,,,,,,,,,,,,,,,,,,,,,,,,,
Phthalates,Di(2-ethylhexyl) phthalate,CHEBI:17243,,4376-20-9,Mono(2-ethylhexyl) phthalate,MEHP,mehp,,,,,,,,,,,,,,,,,,,,,,,,,
Phthalates,Di(2-propylheptyl) phthalate,,DPQMLPCFIOCYFY-UHFFFAOYSA-N,,Mono(2-propyl-6-carboxyhexyl) phthalate,Cx-MPHxP,cxmphxp,,,,,,,,,,,,,,,,,,,,,,,,,
Phthalates,Di(2-propylheptyl) phthalate,,,,Mono(2-propyl-6-hydroxyheptyl) phthalate,OH-MPrHpP,ohmprhpp,,,,,,,,,,,,,,,,,,,,,,,,,
Phthalates,Di(2-propylheptyl) phthalate,,,,Mono(2-propyl-6-oxoheptyl) phthalate,oxo-MPrHpP,oxomprhpp,,,,,,,,,,,,,,,,,,,,,,,,,
Phthalates,Di(2-propylheptyl) phthalate,,,,Mono(2-propylheptyl) phthalate,MPHP,mphp,,,,,,,,,,,,,,,,,,,,,,,,,
Phthalates,Di-isodecyl phthalate (all C10 phthalates including DPHP),,,,"Mono(2,7-methyl-7-carboxy-heptyl) phthalate",cx-MiDP,cxmidp,,,,,,,,,,,,,,,,,,,,,,,,,
Pesticides,,,NPAIMXWXWPJRES-UHFFFAOYSA-N,,Monobutyltin,MBT,mbt,,,,,,,,,,,,,,,,,,,,,,,,,
Metals,Arsenic,CHEBI:29852,,124-58-3,Monomethylarsonic,MMA,mma,,,,,,,,,,,,,,,,,,,,,,,,,
Pesticides,,,INTLMJZQCBRQAT-UHFFFAOYSA-K,,Monooctyltin,MOT,mot,,,,,,,,,,,,,,,,,,,,,,,,,
Pesticides,,,,,Monophenyltin,MPhT,mpht,,,,,,,,,,,,,,,,,,,,,,,,,
Musks,,CHEBI:174791,,81-14-1,Musk ketone,MK,mk,,,,,,,,,,,,,,,,,,,,,,,,,
Musks,,CHEBI:77320,,81-15-2,Musk xylene,MX,mx,,,,,,,,,,,,,,,,,,,,,,,,,
Pesticides,"2-(4-chlorophenyl)-2-(1,2,4-triazol-1-ylmethyl)hexanenitrile",,HIUOATAFAFIXAL-UHFFFAOYSA-N,,Myclobutanil hydroxide,Myclobutanil-OH,myclobutaniloh,,,,,,,,,,,,,,,,,,,,,,,,,
Acrylamide,N-(2-Carbamoyl-2-hydroxyethyl)valine,,,,N-(2-Carbamoyl-2-hydroxyethyl)valine,GAVal,gaval,,,,,,,,,,,,,,,,,,,,,,,,,
Acrylamide,N-(2-Carbamoylethyl)valine,,BZEVQVJZLREGPF-ZETCQYMHSA-N,,N-(2-Carbamoylethyl)valine,AAVal,aaval,,,,,,,,,,,,,,,,,,,,,,,,,
Pesticides,N-(cyanomethyl)-4-(trifluoromethyl)pyridine-3-carboxamide,,RLQJEEJISHYWON-UHFFFAOYSA-N,,N-(cyanomethyl)-4-(trifluoromethyl)pyridine-3-carboxamide,Flonicamid,flonicamid,,,,,,,,,,,,,,,,,,,,,,,,,
Pesticides,N-[(6-chloropyridin-3-yl)methyl]-N'-cyano-N-methylethanimidamide,,WCXDHFDTOYPNIE-UHFFFAOYSA-N,,N-[(6-chloropyridin-3-yl)methyl]-N'-cyano-N-methylethanimidamide,Acetamiprid,acetamiprid,,,,,,,,,,,,,,,,,,,,,,,,,
Anilines and MOCA,Aniline,CHEBI:143107,,614-80-2,N-acetyl-2-aminophenol,NA2AP,natwoap,,,,,,,,,,,,,,,,,,,,,,,,,
Anilines and MOCA,Aniline,CHEBI:46195,,,N-acetyl-4-aminophenol,NA4AP,nafourap,,,,,,,,,,,,,,,,,,,,,,,,,
Acrylamide,Glycidamide,,GFVUOIIZUCFXSF-ZBHICJROSA-N,,N-Acetyl-S-(2-carbamoyl-2-hydroxyethyl)cysteine,GAMA,gama,,,,,,,,,,,,,,,,,,,,,,,,,
Acrylamide,Acrylamide,,MIZMPWFZMWDOPJ-AIUXZDRISA-N,,N-acetyl-S-(2-carbamoyl-ethyl)-L-cysteine-sulfoxide,AAMA-sulf,aamasulf,,,,,,,,,,,,,,,,,,,,,,,,,
Acrylamide,Acrylamide,,GGBCHNJZQQEQRX-LURJTMIESA-N,,N-acetyl-S-(2-carbamoyl-ethyl)cysteine,AAMA,aama,,,,,,,,,,,,,,,,,,,,,,,,,
Aprotic solvents,"N,N-Dimethylformamide",CHEBI:2355,,103974-29-4,N-Acetyl-S-(N-methylcarbamoyl)cysteine,AMCC,amcc,,,,,,,,,,,,,,,,,,,,,,,,,
Anilines and MOCA,"4,4'-methylenebis(2-chloroaniline)",,,,"N-acetyl 4,4'-methylenebis (2-chloroaniline)",acetyl-MOCA,amoca,,,,,,,,,,,,,,,,,,,,,,,,,
Aprotic solvents,"N,N-Dimethylacetamide",,,,N-hydroxymethyl-N-methylacetamide,DMAC-OH,dmacoh,,,,,,,,,,,,,,,,,,,,,,,,,
Aprotic solvents,"N,N-Dimethylacetamide",CHEBI:87321,,79-16-3,N-methylacetamide,NMAC,nmac,,,,,,,,,,,,,,,,,,,,,,,,,
Aprotic solvents,"N,N-Dimethylformamide",CHEBI:7438,,123-39-7,N-methylformamide,NMF,nmf,,,,,,,,,,,,,,,,,,,,,,,,,
Anilines and MOCA,N-Phenylacetamide,CHEBI:28884,,103-84-4,N-Phenylacetamide,ACA,aca,,,,,,,,,,,,,,,,,,,,,,,,,
Polycyclic Aromatic Hydrocarbons (PAHs),Naphthalene,CHEBI:16482,,91-20-3,Naphthalene,NAPH,naph,,,,,,,,,,,,,,,,,,,,,,,,,
Mycotoxins,Neosolaniol,,TVZHDVCTOCZDNE-UHFFFAOYSA-N,,Neosolaniol,NEO,neo,,,,,,,,,,,,,,,,,,,,,,,,,
Metals,,CHEBI:28112,,7440-02-0,Nickel,Ni,ni,,,,,,,,,,,,,,,,,,,,,,,,,
Mycotoxins,Nivalenol,CHEBI:7599,,23282-20-4,Nivalenol,NIV,niv,,,,,,,,,,,,,,,,,,,,,,,,,
Pesticides,DDT,CHEBI:34211,,3424-82-6,"O,p'-Dichlorodiphenyldichloroethylene","o,p'-DDE",opdde,,,,,,,,,,,,,,,,,,,,,,,,,
Pesticides,DDT,CHEBI:34027,,789-02-6,"O,p'-dichlorodiphenyltrichloroethane","o,p'-DDT",opddt,,,,,,,,,,,,,,,,,,,,,,,,,
Mycotoxins,Ochratoxin A,CHEBI:192527,,,Ochratoxin-alpha,OTα,otalpha,,,,,,,,,,,,,,,,,,,,,,,,,
Mycotoxins,Ochratoxin A,CHEBI:7719,,303-47-9,Ochratoxin A,OTA,ota,,,,,,,,,,,,,,,,,,,,,,,,,
Mycotoxins,Ochratoxin A,CHEBI:7719,,303-47-9,Ochratoxin A,OTA,tota,,,,,,,,,,,,,,,,,,,,,,,,,
Flame retardants,Octabromotrimethylphenylindane,,SNKXRWQAVFAAGH-UHFFFAOYSA-N,,Octabromotrimethylphenylindane,OBIND,obind,,,,,,,,,,,,,,,,,,,,,,,,,
Dioxins;Organochlorine compounds (OCs),,CHEBI:81566,,3268-87-9,Octachlorodibenzodioxin,OCDD,ocdd,,,,,,,,,,,,,,,,,,,,,,,,,
Furans,,CHEBI:81515,,39001-02-0,Octachlorodibenzofuran,OCDF,pcdf135,,,,,,,,,,,,,,,,,,,,,,,,,
UV-filters (benzophenones),,"CHEBI:88667, CHEBI:134750",,,Octyl methoxycinnamate,,omc,,,,,,,,,,,,,,,,,,,,,,,,,
Polycyclic Aromatic Hydrocarbons (PAHs),,,,,Measured Sum of 1- and 9-hydroxyphenanthrene,Measured 1+9-OH-Phenanthrene,oneninehphe,,,,,,,,,,,,,,,,,,,,,,,,,
Anilines and MOCA,Ortho-Chloroaniline,,,,Ortho-Chloroaniline,ortho-ChA,ocha,,,,,,,,,,,,,,,,,,,,,,,,,
Anilines and MOCA,Ortho-Fluoroaniline,CHEBI:27526,,348-54-9,Ortho-Fluoroaniline,ortho-FA,ofa,,,,,,,,,,,,,,,,,,,,,,,,,
Anilines and MOCA,Ortho-toluidine,CHEBI:66892,,95-53-4,Ortho-toluidine,o-toluidine,otldn,,,,,,,,,,,,,,,,,,,,,,,,,
Pesticides;Organochlorine compounds (OCs),,CHEBI:81541,,27304-13-8,Oxychlordane,OXC,oxc,,,,,,,,,,,,,,,,,,,,,,,,,
Anilines and MOCA,Aniline,CHEBI:17602,,123-30-8,P-aminophenol,p-aminophenol,pami,,,,,,,,,,,,,,,,,,,,,,,,,
Parabens,,CHEBI:30763,,99-96-7,P-hydroxybenzoic acid,HBA,phba,,,,,,,,,,,,,,,,,,,,,,,,,
Metals,,CHEBI:33363,,7440-05-3,Palladium,Pd,pd,,,,,,,,,,,,,,,,,,,,,,,,,
Anilines and MOCA,Para-Chloroaniline,CHEBI:20331,,106-47-8,Para-Chloroaniline,para-Cha,pcha,,,,,,,,,,,,,,,,,,,,,,,,,
Anilines and MOCA,Para-Fluoroaniline,CHEBI:28546,,371-40-4,Para-Fluoroaniline,para-FA,pfa,,,,,,,,,,,,,,,,,,,,,,,,,
Anilines and MOCA,Para-toluidine,CHEBI:37825,,106-49-0,Para-toluidine,p-toluidine,ptldn,,,,,,,,,,,,,,,,,,,,,,,,,
Pesticides,,CHEBI:27928,,56-38-2,Parathion-ethyl,,paret,,,,,,,,,,,,,,,,,,,,,,,,,
Pesticides,,CHEBI:38746,,298-00-0,Parathion-methyl,,parmet,,,,,,,,,,,,,,,,,,,,,,,,,
Mycotoxins,Patulin,CHEBI:74926,,149-29-1,Patulin,PAT,pat,,,,,,,,,,,,,,,,,,,,,,,,,
Organochlorine compounds (OCs),,,,,Measured Sum of pcb196 and pcb203,Measured,pcb196and203,,,,,,,,,,,,,,,,,,,,,,,,,
Flame retardants,Pentabromoethylbenzene,,FIAXCDIQXHJNIX-UHFFFAOYSA-N,,Pentabromoethylbenzene,PBEB,pbeb,,,,,,,,,,,,,,,,,,,,,,,,,
Flame retardants,Pentabromophenol,,SVHOVVJFOWGYJO-UHFFFAOYSA-N,,Pentabromophenol,PBP,pbph,,,,,,,,,,,,,,,,,,,,,,,,,
Flame retardants,Pentabromotoluene,,OZHJEQVYCBTHJT-UHFFFAOYSA-N,,Pentabromotoluene,PBT,pbt,,,,,,,,,,,,,,,,,,,,,,,,,
Pesticides,,CHEBI:17642,,87-86-5,Pentachlorophenol,PCP,pcp,,,,,,,,,,,,,,,,,,,,,,,,,
Parabens,,,ZNSSPLQZSUWFJT-UHFFFAOYSA-N,,Pentylparaben,pentylP,pentip,,,,,,,,,,,,,,,,,,,,,,,,,
Flame retardants,Perchloropentacyclodecane,CHEBI:34852,,2385-85-5,Perchloropentacyclodecane,mirex,mirex,,,,,,,,,,,,,,,,,,,,,,,,,
Polycyclic Aromatic Hydrocarbons (PAHs),Phenanthrene,CHEBI:28851,,85-01-8,Phenanthrene,PHE,phe,,,,,,,,,,,,,,,,,,,,,,,,,
Polycyclic Aromatic Hydrocarbons (PAHs),Phenanthrene,,MTKRZWWQDYNZRK-UHFFFAOYSA-N,,"Phenanthrene-1,2,3,4-tetrol",PHE-tetrol,phetetrol,,,,,,,,,,,,,,,,,,,,,,,,,
Pesticides,Pirimiphos-methyl,,VXMVXXWWOFEVKJ-UHFFFAOYSA-N,,Pirimiphos-methyl-desmethyl,,pyrimiphosmetdes,,,,,,,,,,,,,,,,,,,,,,,,,
Metals,,CHEBI:33364,,7440-06-4,Platinum,Pt,pt,,,,,,,,,,,,,,,,,,,,,,,,,
Flame retardants,Polybrominated diphenylether 100,,NSKIRYMHNFTRLR-UHFFFAOYSA-N,,Polybrominated diphenylether 100,BDE-100,bded,,,,,,,,,,,,,,,,,,,,,,,,,
Flame retardants,Polybrominated diphenylether 119,,KXEOYBYEJCRPGB-UHFFFAOYSA-N,,Polybrominated diphenylether 119,BDE-119,bden,,,,,,,,,,,,,,,,,,,,,,,,,
Flame retardants,Polybrominated diphenylether 138,,IZFQCEZFGCMHOM-UHFFFAOYSA-N,,Polybrominated diphenylether 138,BDE-138,bdeo,,,,,,,,,,,,,,,,,,,,,,,,,
Flame retardants,Polybrominated diphenylether 15,,YAWIAFUBXXPJMQ-UHFFFAOYSA-N,,Polybrominated diphenylether 15,BDE-15,bde15,,,,,,,,,,,,,,,,,,,,,,,,,
Flame retardants,Polybrominated diphenylether 153,,RZXIRSKYBISPGF-UHFFFAOYSA-N,,Polybrominated diphenylether 153,BDE-153,bdee,,,,,,,,,,,,,,,,,,,,,,,,,
Flame retardants,Polybrominated diphenylether 154,,VHNPZYZQKWIWOD-UHFFFAOYSA-N,,Polybrominated diphenylether 154,BDE-154,bdef,,,,,,,,,,,,,,,,,,,,,,,,,
Flame retardants,Polybrominated diphenylether 17,,VYBFILXLBMWOLI-UHFFFAOYSA-N,,Polybrominated diphenylether 17,BDE-17,bde17,,,,,,,,,,,,,,,,,,,,,,,,,
Flame retardants,Polybrominated diphenylether 183,,ILPSCQCLBHQUEM-UHFFFAOYSA-N,,Polybrominated diphenylether 183,BDE-183,bdeg,,,,,,,,,,,,,,,,,,,,,,,,,
Flame retardants,Polybrominated diphenylether 190,,OUEYHQIMJGHOQN-UHFFFAOYSA-N,,Polybrominated diphenylether 190,BDE-190,bdep,,,,,,,,,,,,,,,,,,,,,,,,,
Flame retardants,Polybrominated diphenylether 209,,WHHGLZMJPXIBIX-UHFFFAOYSA-N,,Polybrominated diphenylether 209,BDE-209,bdeh,,,,,,,,,,,,,,,,,,,,,,,,,
Flame retardants,Polybrominated diphenylether 25,,AURKEOPYVUYTLO-UHFFFAOYSA-N,,Polybrominated diphenylether 25,BDE-25,bde25,,,,,,,,,,,,,,,,,,,,,,,,,
Flame retardants,Polybrominated diphenylether 28,,UPNBETHEXPIWQX-UHFFFAOYSA-N,,Polybrominated diphenylether 28,BDE-28,bdea,,,,,,,,,,,,,,,,,,,,,,,,,
Flame retardants,Polybrominated diphenylether 33,,,,Polybrominated diphenylether 33,BDE-33,bde33,,,,,,,,,,,,,,,,,,,,,,,,,
Flame retardants,Polybrominated diphenylether 47,,XYBSIYMGXVUVGY-UHFFFAOYSA-N,,Polybrominated diphenylether 47,BDE-47,bdeb,,,,,,,,,,,,,,,,,,,,,,,,,
Flame retardants,Polybrominated diphenylether 66,,DHUMTYRHKMCVAG-UHFFFAOYSA-N,,Polybrominated diphenylether 66,BDE-66,bdei,,,,,,,,,,,,,,,,,,,,,,,,,
Flame retardants,Polybrominated diphenylether 71,,COPAGYRSCJVION-UHFFFAOYSA-N,,Polybrominated diphenylether 71,BDE-71,bdej,,,,,,,,,,,,,,,,,,,,,,,,,
Flame retardants,Polybrominated diphenylether 75,,BWCNKMFFUGBFGB-UHFFFAOYSA-N,,Polybrominated diphenylether 75,BDE-75,bdek,,,,,,,,,,,,,,,,,,,,,,,,,
Flame retardants,Polybrominated diphenylether 77,,RYGLOWMCGZHYRQ-UHFFFAOYSA-N,,Polybrominated diphenylether 77,BDE-77,bdel,,,,,,,,,,,,,,,,,,,,,,,,,
Flame retardants,Polybrominated diphenylether 85,,DMLQSUZPTTUUDP-UHFFFAOYSA-N,,Polybrominated diphenylether 85,BDE-85,bdem,,,,,,,,,,,,,,,,,,,,,,,,,
Flame retardants,Polybrominated diphenylether 99,,WHPVYXDFIXRKLN-UHFFFAOYSA-N,,Polybrominated diphenylether 99,BDE-99,bdec,,,,,,,,,,,,,,,,,,,,,,,,,
Organochlorine compounds (OCs),Polychlorinated biphenyl,,LAHWLEDBADHJGA-UHFFFAOYSA-N,,Polychlorinated biphenyl 101,PCB 101,pcb101,,,,,,,,,,,,,,,,,,,,,,,,,
Organochlorine compounds (OCs),Polychlorinated biphenyl,,WIDHRBRBACOVOY-UHFFFAOYSA-N,,Polychlorinated biphenyl 105,PCB 105,pcb105,,,,,,,,,,,,,,,,,,,,,,,,,
Organochlorine compounds (OCs),Polychlorinated biphenyl,,ARXHIJMGSIYYRZ-UHFFFAOYSA-N,,Polychlorinated biphenyl 110,PCB 110,pcb110,,,,,,,,,,,,,,,,,,,,,,,,,
Organochlorine compounds (OCs),Polychlorinated biphenyl,,SXZSFWHOSHAKMN-UHFFFAOYSA-N,,Polychlorinated biphenyl 114,PCB 114,pcb114,,,,,,,,,,,,,,,,,,,,,,,,,
Organochlorine compounds (OCs),Polychlorinated biphenyl,,IUTPYMGCWINGEY-UHFFFAOYSA-N,,Polychlorinated biphenyl 118,PCB 118,pcb118,,,,,,,,,,,,,,,,,,,,,,,,,
Organochlorine compounds (OCs),Polychlorinated biphenyl,,YAHNWSSFXMVPOU-UHFFFAOYSA-N,,Polychlorinated biphenyl 123,PCB 123,pcb123,,,,,,,,,,,,,,,,,,,,,,,,,
Organochlorine compounds (OCs),Polychlorinated biphenyl,,REHONNLQRWTIFF-UHFFFAOYSA-N,,Polychlorinated biphenyl 126,PCB 126,pcb126,,,,,,,,,,,,,,,,,,,,,,,,,
Organochlorine compounds (OCs),Polychlorinated biphenyl,,BTAGRXWGMYTPBY-UHFFFAOYSA-N,,Polychlorinated biphenyl 128,PCB 128,pcb128,,,,,,,,,,,,,,,,,,,,,,,,,
Organochlorine compounds (OCs),Polychlorinated biphenyl,,RPUMZMSNLZHIGZ-UHFFFAOYSA-N,,Polychlorinated biphenyl 138,PCB 138,pcb138,,,,,,,,,,,,,,,,,,,,,,,,,
Organochlorine compounds (OCs),Polychlorinated biphenyl,,BQHCQAQLTCQFJZ-UHFFFAOYSA-N,,Polychlorinated biphenyl 146,PCB 146,pcb146,,,,,,,,,,,,,,,,,,,,,,,,,
Organochlorine compounds (OCs),Polychlorinated biphenyl,,LKHLFUVHHXCNJH-UHFFFAOYSA-N,,Polychlorinated biphenyl 149,PCB 149,pcb149,,,,,,,,,,,,,,,,,,,,,,,,,
Organochlorine compounds (OCs),Polychlorinated biphenyl,,UHCLFIWDCYOTOL-UHFFFAOYSA-N,,Polychlorinated biphenyl 151,PCB 151,pcb151,,,,,,,,,,,,,,,,,,,,,,,,,
Organochlorine compounds (OCs),Polychlorinated biphenyl,,MVWHGTYKUMDIHL-UHFFFAOYSA-N,,Polychlorinated biphenyl 153,PCB 153,pcb153,,,,,,,,,,,,,,,,,,,,,,,,,
Organochlorine compounds (OCs),Polychlorinated biphenyl,,LCXMEXLGMKFLQO-UHFFFAOYSA-N,,Polychlorinated biphenyl 156,PCB 156,pcb156,,,,,,,,,,,,,,,,,,,,,,,,,
Organochlorine compounds (OCs),Polychlorinated biphenyl,,YTWXDQVNPCIEOX-UHFFFAOYSA-N,,Polychlorinated biphenyl 157,PCB 157,pcb157,,,,,,,,,,,,,,,,,,,,,,,,,
Organochlorine compounds (OCs),Polychlorinated biphenyl,,ZQUPQXINXTWCQR-UHFFFAOYSA-N,,Polychlorinated biphenyl 158,PCB 158,pcb158,,,,,,,,,,,,,,,,,,,,,,,,,
Organochlorine compounds (OCs),Polychlorinated biphenyl,,AZXHAWRMEPZSSV-UHFFFAOYSA-N,,Polychlorinated biphenyl 167,PCB 167,pcb167,,,,,,,,,,,,,,,,,,,,,,,,,
Organochlorine compounds (OCs),Polychlorinated biphenyl,,ZHLICBPIXDOFFG-UHFFFAOYSA-N,,Polychlorinated biphenyl 169,PCB 169,pcb169,,,,,,,,,,,,,,,,,,,,,,,,,
Organochlorine compounds (OCs),Polychlorinated biphenyl,,RMPWIIKNWPVWNG-UHFFFAOYSA-N,,Polychlorinated biphenyl 170,PCB 170,pcb170,,,,,,,,,,,,,,,,,,,,,,,,,
Organochlorine compounds (OCs),Polychlorinated biphenyl,,TZMHVHLTPWKZCI-UHFFFAOYSA-N,,Polychlorinated biphenyl 171,PCB 171,pcb171,,,,,,,,,,,,,,,,,,,,,,,,,
Organochlorine compounds (OCs),Polychlorinated biphenyl,,HOPMUCXYRNOABF-UHFFFAOYSA-N,,Polychlorinated biphenyl 172,PCB 172,pcb172,,,,,,,,,,,,,,,,,,,,,,,,,
Organochlorine compounds (OCs),Polychlorinated biphenyl,,ZDLMBNHYTPHDLF-UHFFFAOYSA-N,,Polychlorinated biphenyl 174,PCB 174,pcb174,,,,,,,,,,,,,,,,,,,,,,,,,
Organochlorine compounds (OCs),Polychlorinated biphenyl,,CXOYNJAHPUASHN-UHFFFAOYSA-N,,Polychlorinated biphenyl 177,PCB 177,pcb177,,,,,,,,,,,,,,,,,,,,,,,,,
Organochlorine compounds (OCs),Polychlorinated biphenyl,,WCIBKXHMIXUQHK-UHFFFAOYSA-N,,Polychlorinated biphenyl 178,PCB 178,pcb178,,,,,,,,,,,,,,,,,,,,,,,,,
Organochlorine compounds (OCs),Polychlorinated biphenyl,,DCMURXAZTZQAFB-UHFFFAOYSA-N,,Polychlorinated biphenyl 18,PCB 18,pcb18,,,,,,,,,,,,,,,,,,,,,,,,,
Organochlorine compounds (OCs),Polychlorinated biphenyl,,WBHQEUPUMONIKF-UHFFFAOYSA-N,,Polychlorinated biphenyl 180,PCB 180,pcb180,,,,,,,,,,,,,,,,,,,,,,,,,
Organochlorine compounds (OCs),Polychlorinated biphenyl,,KQBFUDNJKCZEDQ-UHFFFAOYSA-N,,Polychlorinated biphenyl 183,PCB 183,pcb183,,,,,,,,,,,,,,,,,,,,,,,,,
Organochlorine compounds (OCs),Polychlorinated biphenyl,,UDMZPLROONOSEF-UHFFFAOYSA-N,,Polychlorinated biphenyl 187,PCB 187,pcb187,,,,,,,,,,,,,,,,,,,,,,,,,
Organochlorine compounds (OCs),Polychlorinated biphenyl,,XUAWBXBYHDRROL-UHFFFAOYSA-N,,Polychlorinated biphenyl 189,PCB 189,pcb189,,,,,,,,,,,,,,,,,,,,,,,,,
Organochlorine compounds (OCs),Polychlorinated biphenyl,,DTMRKGRREZAYAP-UHFFFAOYSA-N,,Polychlorinated biphenyl 194,PCB 194,pcb194,,,,,,,,,,,,,,,,,,,,,,,,,
Organochlorine compounds (OCs),Polychlorinated biphenyl,,JAHJITLFJSDRCG-UHFFFAOYSA-N,,Polychlorinated biphenyl 195,PCB 195,pcb195,,,,,,,,,,,,,,,,,,,,,,,,,
Organochlorine compounds (OCs),Polychlorinated biphenyl,,BQFCCUSDZLKBJG-UHFFFAOYSA-N,,Polychlorinated biphenyl 196,PCB 196,pcb196,,,,,,,,,,,,,,,,,,,,,,,,,
Organochlorine compounds (OCs),Polychlorinated biphenyl,,HJBYDWKNARZTMJ-UHFFFAOYSA-N,,Polychlorinated biphenyl 199,PCB 199,pcb199,,,,,,,,,,,,,,,,,,,,,,,,,
Organochlorine compounds (OCs),Polychlorinated biphenyl,,LJQOBQLZTUSEJA-UHFFFAOYSA-N,,Polychlorinated biphenyl 201,PCB 201,pcb201,,,,,,,,,,,,,,,,,,,,,,,,,
Organochlorine compounds (OCs),Polychlorinated biphenyl,,DCPDZFRGNJDWPP-UHFFFAOYSA-N,,Polychlorinated biphenyl 203,PCB 203,pcb203,,,,,,,,,,,,,,,,,,,,,,,,,
Organochlorine compounds (OCs),Polychlorinated biphenyl,,JFIMDKGRGPNPRQ-UHFFFAOYSA-N,,Polychlorinated biphenyl 206,PCB 206,pcb206,,,,,,,,,,,,,,,,,,,,,,,,,
Organochlorine compounds (OCs),Polychlorinated biphenyl,,ONXPZLFXDMAPRO-UHFFFAOYSA-N,,Polychlorinated biphenyl 209,PCB 209,pcb209,,,,,,,,,,,,,,,,,,,,,,,,,
Organochlorine compounds (OCs),Polychlorinated biphenyl,,BZTYNSQSZHARAZ-UHFFFAOYSA-N,,Polychlorinated biphenyl 28,PCB 28,pcb28,,,,,,,,,,,,,,,,,,,,,,,,,
Organochlorine compounds (OCs),Polychlorinated biphenyl,,ALDJIKXAHSDLLB-UHFFFAOYSA-N,,Polychlorinated biphenyl 44,PCB 44,pcb44,,,,,,,,,,,,,,,,,,,,,,,,,
Organochlorine compounds (OCs),Polychlorinated biphenyl,,ZWPVHELAQPIZHO-UHFFFAOYSA-N,,Polychlorinated biphenyl 49,PCB 49,pcb49,,,,,,,,,,,,,,,,,,,,,,,,,
Organochlorine compounds (OCs),Polychlorinated biphenyl,,HCWZEPKLWVAEOV-UHFFFAOYSA-N,,Polychlorinated biphenyl 52,PCB 52,pcb52,,,,,,,,,,,,,,,,,,,,,,,,,
Organochlorine compounds (OCs),Polychlorinated biphenyl,,RKLLTEAEZIJBAU-UHFFFAOYSA-N,,Polychlorinated biphenyl 66,PCB 66,pcb66,,,,,,,,,,,,,,,,,,,,,,,,,
Organochlorine compounds (OCs),Polychlorinated biphenyl,,TULCXSBAPHCWCF-UHFFFAOYSA-N,,Polychlorinated biphenyl 74,PCB 74,pcb74,,,,,,,,,,,,,,,,,,,,,,,,,
Organochlorine compounds (OCs),Polychlorinated biphenyl,,UQMGJOKDKOLIDP-UHFFFAOYSA-N,,Polychlorinated biphenyl 77,PCB 77,pcb77,,,,,,,,,,,,,,,,,,,,,,,,,
Organochlorine compounds (OCs),Polychlorinated biphenyl,,BHWVLZJTVIYLIV-UHFFFAOYSA-N,,Polychlorinated biphenyl 81,PCB 81,pcb81,,,,,,,,,,,,,,,,,,,,,,,,,
Organochlorine compounds (OCs),Polychlorinated biphenyl,,OPKYDBFRKPQCBS-UHFFFAOYSA-N,,Polychlorinated biphenyl 87,PCB 87,pcb87,,,,,,,,,,,,,,,,,,,,,,,,,
Organochlorine compounds (OCs),Polychlorinated biphenyl,,LMQJBFRGXHMNOX-UHFFFAOYSA-N,,Polychlorinated biphenyl 99,PCB 99,pcb99,,,,,,,,,,,,,,,,,,,,,,,,,
Steroid/Sex hormones,,CHEBI:17026,,57-83-0,Progesterone,,proges,,,,,,,,,,,,,,,,,,,,,,,,,
Pesticides (carbamate),,CHEBI:34938,,114-26-1,Propoxur,Propoxur,propoxur,,,,,,,,,,,,,,,,,,,,,,,,,
Pesticides,Propyl N-[3-(dimethylamino)propyl]carbamate,,WZZLDXDUQPOXNW-UHFFFAOYSA-N,,Propyl N-[3-(dimethylamino)propyl]carbamate,Propamocarb,propamocarb,,,,,,,,,,,,,,,,,,,,,,,,,
Parabens,,CHEBI:32063,,94-13-3,Propylparaben,,ppb,,,,,,,,,,,,,,,,,,,,,,,,,
Polycyclic Aromatic Hydrocarbons (PAHs),Pyrene,CHEBI:39106,,,Pyrene,PYR,pyr,,,,,,,,,,,,,,,,,,,,,,,,,
Mycotoxins,Roquefortine C,CHEBI:183713,,,Roquefortine C,ROQC,roqc,,,,,,,,,,,,,,,,,,,,,,,,,
Aprotic solvents,"N,N-Dimethylacetamide",,,,S-(acetamidomethyl) mercapturic acid,AMMA,amma,,,,,,,,,,,,,,,,,,,,,,,,,
Pesticides (pyrethroids),,,,,"Measured Sum (cis-DCCA, trans-DCCA)",Measured,sdcca,,,,,,,,,,,,,,,,,,,,,,,,,
Phthalates,,,,,"Measured Sum(twofourdehtm,onefourdehtm)",,sdehtm,,,,,,,,,,,,,,,,,,,,,,,,,
Metals,,CHEBI:27568,,7782-49-2,Selenium,,se,,,,,,,,,,,,,,,,,,,,,,,,,
Herbicides,Simazine,CHEBI:27496,,122-34-9,Simazine,,simz,,,,,,,,,,,,,,,,,,,,,,,,,
Herbicides,Simazine,,CSQCJPSBEYLCBK-UHFFFAOYSA-N,,Simazine mercapturate,,simzmerc,,,,,,,,,,,,,,,,,,,,,,,,,
Pesticides,"[3-(2,5-dimethylphenyl)-8-methoxy-2-oxo-1-azaspiro[4.5]dec-3-en-4-yl] ethyl carbonate",,IDJJHEIUIYGFDX-UHFFFAOYSA-N,,Spirotetramat enol,Spirotetramat enol,spirotetramatenol,,,,,,,,,,,,,,,,,,,,,,,,,
Mycotoxins,Sterigmatocystin,CHEBI:18227,,10048-13-2,Sterigmatocystin,STER,ster,,,,,,,,,,,,,,,,,,,,,,,,,
Metals,,CHEBI:33324,,7440-24-6,Strontium,Sr,sr,,,,,,,,,,,,,,,,,,,,,,,,,
Polycyclic Aromatic Hydrocarbons (PAHs),,,,,Measured Sum of 2- and 3-hydroxyfluorene,Measured 2+3-OH-Fluorene,stwothreehfluo,,,,,,,,,,,,,,,,,,,,,,,,,
Polycyclic Aromatic Hydrocarbons (PAHs),,,,,2-hydroxyphenanthrene + 3-hydroxyphenanthrene,2-PHEN + 3-PHEN,stwothreehphe,,,,,,,,,,,,,,,,,,,,,,,,,
Flame retardants,Syn-dechlorane plus,,UGQQAJOWXNCOPY-MXYLTYEXSA-N,,Syn-dechlorane plus,Syn-DP,sdp,,,,,,,,,,,,,,,,,,,,,,,,,
Mycotoxins,T-2 tetraol toxin,CHEBI:172528,,,T-2 tetraol toxin,T-2 tetraol,ttetraol,,,,,,,,,,,,,,,,,,,,,,,,,
Mycotoxins,T-2 Toxin,CHEBI:9381,,21259-20-1,T-2 Toxin,T-2,ttwo,,,,,,,,,,,,,,,,,,,,,,,,,
Mycotoxins,T-2 triol toxin,,,,T-2 triol toxin,T-2 triol,ttriol,,,,,,,,,,,,,,,,,,,,,,,,,
Volatile Organic Compounds (VOCs),Benzene,CHEBI:27036,,3588-17-8,"T,t-muconic acid",,ttmca,,,,,,,,,,,,,,,,,,,,,,,,,
Metals,,,,,Measured Total arsenic,Measured As total,tas,,,,,,,,,,,,,,,,,,,,,,,,,
Pesticides,Tebuconazole,,,,Tebuconazole-OH (hydroxytebuconazole),OH-TEBUCONAZOLE,tebuconazoleoh,,,,,,,,,,,,,,,,,,,,,,,,,
Metals,,CHEBI:30452,,13494-80-9,Tellurium,Te,te,,,,,,,,,,,,,,,,,,,,,,,,,
Steroid/Sex hormones,,CHEBI:17347,,58-22-0,Testosterone,,tt,,,,,,,,,,,,,,,,,,,,,,,,,
Flame retardants,Tetrabromobisphenol A,CHEBI:33217,,79-94-7,Tetrabromobisphenol A,TBBPA,tbbpa,,,,,,,,,,,,,,,,,,,,,,,,,
Flame retardants,,,LXIZRZRTWSDLKK-UHFFFAOYSA-N,,"Tetrabromobisphenol A bis(2,3-dibromopropyl ether)",TBBPA-DBPE,tbbpadbpe,,,,,,,,,,,,,,,,,,,,,,,,,
Flame retardants,Tetrabromoethylcyclohexane,,RSNWTYLUIPARFX-UHFFFAOYSA-N,,Tetrabromoethylcyclohexane,TBECH,tbech,,,,,,,,,,,,,,,,,,,,,,,,,
Metals,,CHEBI:30440,,7440-28-0,Thallium,Tl,tl,,,,,,,,,,,,,,,,,,,,,,,,,
Metals,,CHEBI:33385,,7440-29-1,Thorium,Th,th,,,,,,,,,,,,,,,,,,,,,,,,,
Polycyclic Aromatic Hydrocarbons (PAHs),,,,,Measured Sum of 3- and 9- hydroxybenz[a]anthracene,Measured 3-BaA + 9-BaA,threeninebaa,,,,,,,,,,,,,,,,,,,,,,,,,
Metals,,CHEBI:27007,,7440-31-5,Tin,Sn,sn,,,,,,,,,,,,,,,,,,,,,,,,,
Metals,,,,,Titanium,Ti,ti,,,,,,,,,,,,,,,,,,,,,,,,,
Musks,,CHEBI:88666,,,Tonalide,AHTN,ahtn,,,,,,,,,,,,,,,,,,,,,,,,,
Flame retardants,Total Hexabromocyclododecane,CHEBI:134063,,3194-55-6,Total Hexabromocyclododecane,total HBCD,hbcd,,,,,,,,,,,,,,,,,,,,,,,,,
Metals,,,,,Measured Toxicologically relevant arsenic,Measured Tox. rel. As,tra,,,,,,,,,,,,,,,,,,,,,,,,,
Pesticides (pyrethroids),Trans-cyfluthrin;Trans-cypermethrin;Trans-permethrin,,LLMLSUSAKZVFOA-UJURSFKZSA-N,,"Trans-3-(2,2-dichlorovinyl)-2,2-dimethylcyclopropane-1-carboxylic acid",trans-DCCA,tdcca,,,,,,,,,,,,,,,,,,,,,,,,,
Pesticides,,CHEBI:39069,,5103-74-2,Trans-chlordane,γ-chlordane,ychlor,,,,,,,,,,,,,,,,,,,,,,,,,
Pesticides;Organochlorine compounds (OCs),Chlordane,CHEBI:81540,,39765-80-5,Trans-nonachlor,,tnona,,,,,,,,,,,,,,,,,,,,,,,,,
Flame retardants,,CHEBI:35019,,126-73-8,Tri-n-butyl phosphate,,tnbp,,,,,,,,,,,,,,,,,,,,,,,,,
Pesticides,,,PIILXFBHQILWPS-UHFFFAOYSA-N,,Tributyltin,TBT,tbt,,,,,,,,,,,,,,,,,,,,,,,,,
Care products,,CHEBI:48347,,101-20-2,"Triclocarban (3-(4-Chlorophenyl)-1-(3,4-dichlorophenyl)urea)",,tricloc,,,,,,,,,,,,,,,,,,,,,,,,,
Care products,,CHEBI:164200,,3380-34-5,Triclosan,,triclos,,,,,,,,,,,,,,,,,,,,,,,,,
Flame retardants,Tricresyl phosphate,,BOSMZFBHAYFUBJ-UHFFFAOYSA-N,,Tricresyl phosphate,TMPP,tmpp,,,,,,,,,,,,,,,,,,,,,,,,,
Pesticides,Methyl (2Z)-2-methoxyimino-2-[2-[[(Z)-1-[3-(trifluoromethyl)phenyl]ethylideneamino]oxymethyl]phenyl]acetate,,ISZQNKFXNXQTTF-NACSPRHISA-N,,Trifloxystrobin acid,Trifloxystrobin CGA-321114,trifloxystrobincga,,,,,,,,,,,,,,,,,,,,,,,,,
Blood Lipids and lipid transport proteins,,CHEBI:17855,,,Triglycerides,,trigl,,,,,,,,,,,,,,,,,,,,,,,,,
Pesticides,,,XMHKTINRBAKEDS-UHFFFAOYSA-N,,Trioctyltin,TOT,tot,,,,,,,,,,,,,,,,,,,,,,,,,
Flame retardants,Triphenyl phosphate,CHEBI:35033,,115-86-6,Triphenyl phosphate,TPHP,tphp,,,,,,,,,,,,,,,,,,,,,,,,,
Phthalates;Flame retardants,,CHEBI:35038,,78-51-3,Tris(2-butoxyethyl) phosphate,,tboep,,,,,,,,,,,,,,,,,,,,,,,,,
Flame retardants,"Tris(2,3-dibromopropyl) phosphate",CHEBI:82282,,126-72-7,"Tris(2,3-dibromopropyl) phosphate",TDBPP,tdbpp,,,,,,,,,,,,,,,,,,,,,,,,,
Flame retardants,Tris(chloroethyl) phosphate,CHEBI:35037,,115-96-8,Tris(chloroethyl) phosphate,TCEP,tcep,,,,,,,,,,,,,,,,,,,,,,,,,
Metals,Chromium,CHEBI:49544,,,Trivalent chromium,Cr III,crthree,,,,,,,,,,,,,,,,,,,,,,,,,
Metals,,CHEBI:27998,,7440-33-7,Tungsten,W,w,,,,,,,,,,,,,,,,,,,,,,,,,
Metals,,CHEBI:27214,,7440-61-1,Uranium,U,u,,,,,,,,,,,,,,,,,,,,,,,,,
Metals,,CHEBI:27698,,7440-62-2,Vanadium,V,v,,,,,,,,,,,,,,,,,,,,,,,,,
Vitamins,,CHEBI:12777,,,Vitamin A,VitA,vita,,,,,,,,,,,,,,,,,,,,,,,,,
Vitamins,,CHEBI:17154,,98-92-0,Vitamin B,VitB,vitb,,,,,,,,,,,,,,,,,,,,,,,,,
Vitamins,,CHEBI:176843,,,Vitamin B12,VitB12,vitb12,,,,,,,,,,,,,,,,,,,,,,,,,
Vitamins,,CHEBI:27300,,,Vitamin D,VitD,vitd,,,,,,,,,,,,,,,,,,,,,,,,,
Vitamins,,CHEBI:18145,,59-02-9,Vitamin E,VitE,vite,,,,,,,,,,,,,,,,,,,,,,,,,
Mycotoxins,Zearalenone,CHEBI:35051,,5975-78-0,Zearalanone,ZAN,zan,,,,,,,,,,,,,,,,,,,,,,,,,
Mycotoxins,Zearalenone,CHEBI:10106,,17924-92-4,Zearalenone,ZEN,tzen,,,,,,,,,,,,,,,,,,,,,,,,,
Mycotoxins,Zearalenone,CHEBI:10106,,17924-92-4,Zearalenone,ZEN,zen,,,,,,,,,,,,,,,,,,,,,,,,,
Mycotoxins,Zearalenone,,FZLJLIKPCMZUSJ-XGHZKFQMSA-N,,Zearalenone-14-glucuronide,ZEN-14-Glc,zenglca,,,,,,,,,,,,,,,,,,,,,,,,,
Mycotoxins,Zearalenone,,QERXYCPQYWGNFX-XQAKIGHYSA-N,,Zearalenone-14-sulphate,ZEN-14-S,zensulf,,,,,,,,,,,,,,,,,,,,,,,,,
Metals,,CHEBI:27363,,7440-66-6,Zinc,Zn,zn,,,,,,,,,,,,,,,,,,,,,,,,,
Mycotoxins,Zearalenone,CHEBI:35064,,26538-44-3,α-zearalanol,α-ZAL,azal,,,,,,,,,,,,,,,,,,,,,,,,,
Mycotoxins,Zearalenone,CHEBI:35065,,36455-72-8,α-zearalenol,α-ZEL,azel,,,,,,,,,,,,,,,,,,,,,,,,,
Mycotoxins,Zearalenone,CHEBI:35065,,36455-72-8,α-zearalenol,α-ZEL,tazel,,,,,,,,,,,,,,,,,,,,,,,,,
Mycotoxins,Zearalenone,,,,α-zearalenol-glucuronide,α-ZEL-Glc,azelglca,,,,,,,,,,,,,,,,,,,,,,,,,
Mycotoxins,Zearalenone,CHEBI:35071,,42422-68-4,β-zearalanol,β-ZAL,bzal,,,,,,,,,,,,,,,,,,,,,,,,,
Mycotoxins,Zearalenone,CHEBI:35072,,71030-11-0,β-zearalenol,β-ZEL,tbzel,,,,,,,,,,,,,,,,,,,,,,,,,
Mycotoxins,Zearalenone,CHEBI:35072,,71030-11-0,β-zearalenol,β-ZEL,bzel,,,,,,,,,,,,,,,,,,,,,,,,,
Mycotoxins,Zearalenone,,,,β-zearalenol-glucuronide,β-ZEL-Glc,bzelglca,,,,,,,,,,,,,,,,,,,,,,,,,
